,Qual é o nome da instituição de ensino onde você estuda?  ,  Qual é o ano que você estuda atualmente?  ,1- Qual é o seu nível de satisfação geral com a sua escola atual?,2- Classifique os motivos pelo qual você gosta da sua escola atual de acordo com o grau de importância para você. [Localização],2- Classifique os motivos pelo qual você gosta da sua escola atual de acordo com o grau de importância para você. [Qualidade do Ensino],2- Classifique os motivos pelo qual você gosta da sua escola atual de acordo com o grau de importância para você. [Reputação],2- Classifique os motivos pelo qual você gosta da sua escola atual de acordo com o grau de importância para você. [Recomendações de amigos/familiares],2- Classifique os motivos pelo qual você gosta da sua escola atual de acordo com o grau de importância para você. [Influência de outras pessoas],"3- Como você avaliaria a qualidade do ensino na sua escola?  (Considerando aspectos como a clareza dos conteúdos, a capacitação dos professores e o envolvimento dos alunos)","4- Como você avaliaria a infraestrutura da sua escola (Salas de aula, bibliotecas, laboratórios)? ","5- Como você avaliaria os cursos oferecidas pela sua escola?(Cursos técnicos, Magistério, Educação Especial ...)","6- Como você avaliaria as atividades extracurriculares oferecidas pela sua escola?(Jogos interclasses, projetos de dança e apoio cultural, Etc... )","7- Como você avaliaria o suporte oferecido aos alunos pela sua escola?( Incluindo as aulas de reforço, orientação em projetos e suporte psicológico)","8- Como você avaliaria a comunicação da escola com os alunos e pais? (Considerando a eficácia, a frequência e a clareza das informações compartilhadas.)",9-  O que você considera mais importante ao escolher uma escola (Pública ou particular)?,10-  A escolha da sua escola atual foi feita por você ou pelo seu Responsável? ,11- Você pretende concluir os estudos na sua escola atual?,"12-  Se você está/estivesse pensando em mudar de escola, qual seria a principal razão para isso?",13-  Qual é a probabilidade de você recomendar sua escola atual para outras pessoas?,14- Como você se sente em relação ao ambiente escolar na sua escola?,15- Como você se sente em relação à segurança da sua escola,16- Quais sugestões você tem para a administração da escola para melhorar sua experiência como estudante?
,E.E.B. Balduíno Cardoso,3° Ano do Técnico Integrado,Muito satisfeito,Grande importância,Grande importância,Importância média,Importância média,Pouca importância,Muito boa,Boa,Boa,Ruim,Regular,Regular,todos os itens acima ,Foi escolha minha,Sim,Proximidade da sua casa,Alta,Acolhedor,Seguro,nao tenho 
,E.E.B. Balduíno Cardoso,3° Ano do Técnico Integrado,Satisfeito,Grande importância,Grande importância,Pouca importância,Importância média,Importância média,Muito boa,Boa,Boa,Ruim,Boa,Boa,Qualidade acadêmica,Foi escolha minha,Sim,Não quero,Alta,Acolhedor,Pouco seguro,"Nenhuma, tá bão."
,E.E.B. Balduíno Cardoso,3° Ano do Técnico Integrado,Satisfeito,Grande importância,Importância média,Grande importância,Grande importância,Importância média,Muito boa,Boa,Boa,Boa,Muito boa,Boa,Estrutura e recursos,Foi escolha minha,Sim,Melhor suporte ao aluno,Alta,Neutro,Seguro,nenhuma ta bom assim
,E.E.B. Balduíno Cardoso,3° Ano do Técnico Integrado,Satisfeito,Grande importância,Grande importância,Pouca importância,Grande importância,Grande importância,Boa,Excelente,Boa,Ruim,Ruim,Regular,Qualidade acadêmica,Foi escolha do meu Responsável,Sim,Melhor qualidade acadêmica,Muito alta,Acolhedor,Seguro,
,E.E.B. Balduíno Cardoso,3° Ano do Técnico Integrado,Neutro,Grande importância,Grande importância,Grande importância,Importância média,Importância média,Regular,Boa,Boa,Regular,Regular,Ruim,Localização,Foi escolha minha,Sim,Proximidade da sua casa,Neutra,Acolhedor,Seguro,Não tenho sugestões.
,E.E.B. Balduíno Cardoso,3° Ano do Técnico Integrado,Muito insatisfeito,Sem importância,Sem importância,Sem importância,Importância média,Grande importância,Ruim,Regular,Boa,Boa,Ruim,Ruim,Qualidade acadêmica,Foi escolha minha,Sim,Melhor suporte ao aluno,Muito baixa,Nada acolhedor,Nada seguro,
,E.E.B. Balduíno Cardoso,3° Ano do Técnico Integrado,Neutro,Pouca importância,Importância média,Pouca importância,Sem importância,Importância média,Regular,Boa,Regular,Não se aplica,Ruim,Regular,Qualidade acadêmica,Foi uma decisão conjunta,Sim,Melhor suporte ao aluno,Baixa,Pouco acolhedor,Seguro,"Uma qualidade de ensino no mínimo boa, estrutura e recursos para dar aulas dinâmicas aos alunos."
,E.E.B. Balduíno Cardoso,3° Ano do Técnico Integrado,Satisfeito,Grande importância,Grande importância,Importância média,Importância média,Importância média,Muito boa,Muito boa,Boa,Não se aplica,Regular,Boa,Qualidade acadêmica,Foi escolha minha,Sim,Melhor suporte ao aluno,Muito alta,Acolhedor,Muito seguro,Ter mais aulas de campo para os alunos.
,E.E.B. Balduíno Cardoso,3° Ano do Técnico Integrado,Neutro,Importância média,Grande importância,Importância média,Sem importância,Sem importância,Regular,Muito boa,Boa,Não se aplica,Ruim,Regular,Estrutura e recursos,Foi escolha minha,Sim,Melhor qualidade acadêmica,Alta,Acolhedor,Seguro,"Ter mais aulas de campos, pois ficamos muito tempo dentro da sala de aula."
,E.E.B. Balduíno Cardoso,3° Ano do Técnico Integrado,Satisfeito,Sem importância,Grande importância,Pouca importância,Importância média,Sem importância,Muito boa,Muito boa,Muito boa,Não se aplica,Ruim,Regular,Qualidade acadêmica,Foi escolha minha,Sim,Proximidade da sua casa,Muito alta,Neutro,Seguro,"Melhorar o feedback, bem como a participação dos alunos na turma."
,E.E.B. Balduíno Cardoso,3° Ano do Técnico Integrado,Satisfeito,Importância média,Grande importância,Grande importância,Grande importância,Importância média,Boa,Excelente,Excelente,Não sei responder,Ruim,Regular,Qualidade acadêmica,Foi uma decisão conjunta,Sim,Proximidade da sua casa,Alta,Neutro,Neutro,"Aceitar mais as ideias dos alunos e manter todos informados sobre os projetos, novidades e eventos, de uma forma mais igualitária."
,E.E.B. Balduíno Cardoso,3° Ano do Técnico Integrado,Satisfeito,Sem importância,Importância média,Importância média,Grande importância,Pouca importância,Boa,Boa,Boa,Não sei responder,Indiferente / Não sei responder,Boa,Qualidade acadêmica,Foi escolha minha,Sim,Melhor qualidade acadêmica,Alta,Acolhedor,Seguro,Ser mais transparente com seus alunos sobre as coisas que estão acontecendo. 
,E.E.B. Balduíno Cardoso,1º Ano do Técnico Integrado,Insatisfeito,Pouca importância,Grande importância,Importância média,Importância média,Sem importância,Boa,Muito boa,Regular,Ruim,Ruim,Ruim,Estrutura e recursos,Foi escolha minha,Sim,Melhor suporte ao aluno,Muito baixa,Pouco acolhedor,Seguro,Demitir a dona dani
,E.E.B. Balduíno Cardoso,1º Ano do Técnico Integrado,Satisfeito,Pouca importância,Grande importância,Sem importância,Grande importância,Grande importância,Regular,Boa,Regular,Ruim,Ruim,Boa,Custo,Foi escolha minha,Sim,Melhor suporte ao aluno,Muito alta,Acolhedor,Neutro,interagir mais com o estudante
,E.E.B. Balduíno Cardoso,1º Ano do Técnico Integrado,Neutro,Importância média,Grande importância,Importância média,Pouca importância,Importância média,Boa,Muito boa,Boa,Regular,Ruim,Regular,Qualidade acadêmica,Foi uma decisão conjunta,Sim,Melhor qualidade acadêmica,Alta,Neutro,Neutro,"pararem de vedar tópicos importantes, como por exemplo, pautas raciais"
,E.E.B. Balduíno Cardoso,1º Ano do Técnico Integrado,Satisfeito,Importância média,Grande importância,Grande importância,Grande importância,Importância média,Boa,Regular,Muito boa,Não sei responder,Ruim,Regular,Estrutura e recursos,Foi escolha minha,Sim,Proximidade da sua casa,Muito alta,Acolhedor,Seguro,
,E.E.B. Balduíno Cardoso,1º Ano do Técnico Integrado,Satisfeito,Grande importância,Grande importância,Importância média,Importância média,Importância média,Muito boa,Excelente,Boa,Não sei responder,Regular,Boa,Localização,Foi uma decisão conjunta,Talvez,Proximidade da sua casa,Alta,Neutro,Seguro,
,E.E.B. Balduíno Cardoso,1º Ano do Técnico Integrado,Satisfeito,Importância média,Grande importância,Grande importância,Grande importância,Grande importância,Muito boa,Boa,Muito boa,Boa,Regular,Muito boa,Qualidade acadêmica,Foi escolha minha,Sim,Proximidade da sua casa,Muito alta,Acolhedor,Seguro,"nenhuma, na minha opinião me sinto satisfeita com o ambiente em que estudo."
,E.E.B. Balduíno Cardoso,1º Ano do Técnico Integrado,Satisfeito,Importância média,Grande importância,Grande importância,Grande importância,Grande importância,Muito boa,Muito boa,Excelente,Excelente,Excelente,Muito boa,Estrutura e recursos,Foi escolha minha,Sim,Proximidade da sua casa,Alta,Neutro,Seguro,"nenhuma, pois ja esta otima assim "
,E.E.B. Balduíno Cardoso,1º Ano do Técnico Integrado,Satisfeito,Importância média,Importância média,Grande importância,Sem importância,Sem importância,Boa,Excelente,Excelente,Regular,Indiferente / Não sei responder,Indiferente / Não sei responder,Qualidade acadêmica,Foi escolha minha,Sim,Melhor qualidade acadêmica,Alta,Acolhedor,Pouco seguro,"A escola prestar mais atenção  nas aulas Online, ninguém consegue administrar trabalho ,lazer, tarefas, aulas online, e vida pessoal, isso é algo que incomoda muito."
,E.E.B. Balduíno Cardoso,1º Ano do Técnico Integrado,Satisfeito,Pouca importância,Importância média,Grande importância,Grande importância,Grande importância,Boa,Excelente,Muito boa,Regular,Muito boa,Boa,Estrutura e recursos,Foi uma decisão conjunta,Sim,Melhor qualidade acadêmica,Alta,Acolhedor,Neutro,"ter tabelas das atividades que os professores deveriam repassar, atividades prontas para alunos em caso de emprevistos exemplo:acidente ou algo que incapacitace o aluno de vira a escola.
explicação separada para caso de atrasado de alguns aluno especificos como uma especie de reforço "
,E.E.B. Balduíno Cardoso,1º Ano do Técnico Integrado,Satisfeito,Importância média,Grande importância,Grande importância,Grande importância,Importância média,Muito boa,Excelente,Muito boa,Muito boa,Muito boa,Muito boa,Qualidade acadêmica,Foi escolha minha,Não,Proximidade da sua casa,Alta,Acolhedor,Seguro,nao sei
,E.E.B. Balduíno Cardoso,1º Ano do Técnico Integrado,Neutro,Sem importância,Grande importância,Grande importância,Pouca importância,Pouca importância,Boa,Regular,Boa,Não sei responder,Regular,Regular,Qualidade acadêmica,Foi escolha do meu Responsável,Sim,Melhor qualidade acadêmica,Neutra,Acolhedor,Seguro,Melhorar o metodo de ensino melhorando a ligação do aluno com o professor
,E.E.B. Balduíno Cardoso,1º Ano do Técnico Integrado,Satisfeito,Importância média,Grande importância,Importância média,Importância média,Importância média,Boa,Muito boa,Boa,Regular,Boa,Regular,Qualidade acadêmica,Foi uma decisão conjunta,Sim,Proximidade da sua casa,Neutra,Neutro,Seguro,aumentar a quantidade de esportes que os alunos podem escolher para se divertir e jogar na hora do intervalo e inicio da aula.
,E.E.B. Balduíno Cardoso,1º Ano do Técnico Integrado,Muito satisfeito,Pouca importância,Grande importância,Pouca importância,Importância média,Grande importância,Excelente,Muito boa,Excelente,Regular,Regular,Excelente,Localização,Foi escolha do meu Responsável,Talvez,Proximidade da sua casa,Muito alta,Acolhedor,Seguro,ter mais atividades extracurriculares
,E.E.B. Balduíno Cardoso,1º Ano do Técnico Integrado,Satisfeito,Importância média,Grande importância,Pouca importância,Pouca importância,Sem importância,Muito boa,Excelente,Muito boa,Regular,Regular,Excelente,Localização,Foi escolha minha,Talvez,Melhor infraestrutura,Muito alta,Neutro,Muito seguro,ter mais atividades praticas
,E.E.B. Balduíno Cardoso,1º Ano do Técnico Integrado,Satisfeito,Grande importância,Grande importância,Importância média,Importância média,Grande importância,Muito boa,Muito boa,Boa,Muito boa,Boa,Muito boa,Atividades extracurriculares,Foi uma decisão conjunta,Talvez,Proximidade da sua casa,Muito alta,Neutro,Muito seguro,mais aula extra curriculares.
,E.E.B. Balduíno Cardoso,1º Ano do Técnico Integrado,Satisfeito,Pouca importância,Grande importância,Grande importância,Pouca importância,Importância média,Muito boa,Muito boa,Excelente,Regular,Muito boa,Boa,Estrutura e recursos,Foi uma decisão conjunta,Sim,Proximidade da sua casa,Neutra,Acolhedor,Seguro,mais atividades extra curiculares
,E.E.B. Balduíno Cardoso,1º Ano do Técnico Integrado,Neutro,Pouca importância,Grande importância,Grande importância,Importância média,Grande importância,Indiferente / Não sei responder,Ruim,Não sei responder,Não se aplica,Regular,Ruim,Estrutura e recursos,Foi escolha do meu Responsável,Talvez,Melhor suporte ao aluno,Neutra,Neutro,Neutro,ginasio wow eeeaaa
,E.E.B. Balduíno Cardoso,2º Ano do Ensino Médio,Neutro,Pouca importância,Grande importância,Grande importância,Grande importância,Grande importância,Muito boa,Excelente,Muito boa,Regular,Regular,Muito boa,Estrutura e recursos,Foi escolha minha,Não,Proximidade da sua casa,Alta,Acolhedor,Muito seguro,
,E.E.B. Balduíno Cardoso,2º Ano do Ensino Médio,Neutro,Grande importância,Importância média,Importância média,Grande importância,Importância média,Indiferente / Não sei responder,Indiferente / Não sei responder,Não sei responder,Não sei responder,Indiferente / Não sei responder,Indiferente / Não sei responder,Custo,Foi escolha do meu Responsável,Talvez,Melhor suporte ao aluno,Neutra,Neutro,Neutro,
,E.E.B. Balduíno Cardoso,2º Ano do Ensino Médio,Neutro,Pouca importância,Importância média,Importância média,Pouca importância,Sem importância,Boa,Regular,Regular,Regular,Regular,Boa,Localização,Foi escolha do meu Responsável,Não,",",Neutra,Indiferente / Não sei responder,,libera o ginásio
,E.E.B. Balduíno Cardoso,2º Ano do Ensino Médio,Satisfeito,Grande importância,Grande importância,Grande importância,Grande importância,Grande importância,Muito boa,Regular,Regular,Regular,Regular,Regular,Qualidade acadêmica,Foi uma decisão conjunta,Não,Melhor suporte ao aluno,Neutra,Indiferente / Não sei responder,Seguro,.
,E.E.B. Balduíno Cardoso,2º Ano do Ensino Médio,Muito satisfeito,Grande importância,Grande importância,Grande importância,Grande importância,Importância média,Excelente,Excelente,Muito boa,Ruim,Regular,Muito boa,Atividades extracurriculares,Foi escolha do meu Responsável,Não,amigos e formatura,Muito alta,Acolhedor,Seguro,
,E.E.B. Balduíno Cardoso,2º Ano do Ensino Médio,Satisfeito,Grande importância,Grande importância,Importância média,Grande importância,Importância média,Boa,Regular,Excelente,Regular,Ruim,Regular,Qualidade acadêmica,Foi escolha do meu Responsável,Sim,Melhor suporte ao aluno,Neutra,Nada acolhedor,Neutro,
,E.E.B. Balduíno Cardoso,2º Ano do Ensino Médio,Satisfeito,Importância média,Grande importância,Grande importância,Grande importância,Grande importância,Muito boa,Excelente,Muito boa,Ruim,Regular,Regular,Qualidade acadêmica,Foi escolha minha,Não,formatura e amigos,Alta,Neutro,Seguro,Tirar a dani
,E.E.B. Balduíno Cardoso,2º Ano do Ensino Médio,Satisfeito,Pouca importância,Importância média,Sem importância,Sem importância,Sem importância,Boa,Regular,Não sei responder,Regular,Indiferente / Não sei responder,Indiferente / Não sei responder,Localização,Foi escolha minha,Talvez,Melhor qualidade acadêmica,Neutra,Neutro,Seguro,atividades para vestibulares e concursos publicos
,E.E.B. Balduíno Cardoso,2º Ano do Ensino Médio,Neutro,Sem importância,Grande importância,Pouca importância,Pouca importância,Pouca importância,Regular,Boa,Regular,Muito boa,Regular,Boa,Estrutura e recursos,Foi escolha minha,Sim,Proximidade da sua casa,Alta,Pouco acolhedor,Neutro,
,E.E.B. Balduíno Cardoso,2º Ano do Ensino Médio,Neutro,Importância média,Importância média,Importância média,Pouca importância,Pouca importância,Muito boa,Regular,Regular,Boa,Regular,Boa,Estrutura e recursos,Foi escolha minha,Sim,Proximidade da sua casa,Alta,Neutro,Seguro,
,E.E.B. Balduíno Cardoso,2º Ano do Ensino Médio,Satisfeito,Pouca importância,Grande importância,Pouca importância,Sem importância,Sem importância,Muito boa,Regular,Boa,Muito boa,Excelente,Muito boa,Qualidade acadêmica,Foi escolha minha,Sim,Proximidade da sua casa,Alta,Neutro,Muito seguro,
,E.E.B. Balduíno Cardoso,2º Ano do Ensino Médio,Satisfeito,Importância média,Importância média,Importância média,Grande importância,Grande importância,Excelente,Regular,Muito boa,Boa,Muito boa,Boa,Qualidade acadêmica,Foi escolha minha,Sim,Proximidade da sua casa,Muito alta,Neutro,Neutro,
,E.E.B. Balduíno Cardoso,2º Ano do Ensino Médio,Insatisfeito,Grande importância,Grande importância,Grande importância,Sem importância,Sem importância,Ruim,Excelente,Regular,Ruim,Ruim,Regular,Preparaçao para vestibulares e importancia aos esportes,Foi uma decisão conjunta,Não,melhor qualidade academica e melhor suporte ao aluno,Neutra,Pouco acolhedor,Seguro,"Nao perder tempo com atividades que nao vao mudar o nosso futuro academico, como coisas que nao serao cobradas em uma prova para aprovaçao em uma faculdade, melhor instruçao aos alunos e mais atenção aos esportes."
,E.E.B. Balduíno Cardoso,2º Ano do Ensino Médio,Neutro,Pouca importância,Grande importância,Grande importância,Grande importância,Pouca importância,Muito boa,Muito boa,Não sei responder,Não sei responder,Indiferente / Não sei responder,Regular,Qualidade acadêmica,Foi uma decisão conjunta,Sim,Melhor qualidade acadêmica,Alta,Pouco acolhedor,Neutro,Uma internet de boa qualidade
,E.E.B. Balduíno Cardoso,2º Ano do Ensino Médio,Neutro,Importância média,Importância média,Importância média,Pouca importância,Pouca importância,Boa,Muito boa,Regular,Regular,Boa,Boa,Qualidade acadêmica,Foi escolha minha,Sim,Proximidade da sua casa,Neutra,Pouco acolhedor,Seguro,Internet de qualidade
,E.E.B. Balduíno Cardoso,2º Ano do Ensino Médio,Neutro,Grande importância,Importância média,Grande importância,Grande importância,Grande importância,Indiferente / Não sei responder,Excelente,Muito boa,Boa,Ruim,Boa,Qualidade acadêmica,Foi uma decisão conjunta,Sim,Melhor suporte ao aluno,Neutra,Neutro,Seguro,
,E.E.B. Balduíno Cardoso,2º Ano do Ensino Médio,Neutro,Sem importância,Importância média,Sem importância,Sem importância,Sem importância,Indiferente / Não sei responder,Boa,Regular,Não sei responder,Regular,Muito boa,Qualidade acadêmica,Foi uma decisão conjunta,Talvez,Melhor qualidade acadêmica,Neutra,Acolhedor,Seguro," Propostas de cursos para alunos interessados, indiferente do número. "
,E.E.B. Balduíno Cardoso,2º Ano do Ensino Médio,Muito satisfeito,Importância média,Grande importância,Grande importância,Importância média,Importância média,Muito boa,Muito boa,Excelente,Excelente,Muito boa,Excelente,Qualidade acadêmica,Foi escolha minha,Sim,Melhor qualidade acadêmica,Muito alta,Acolhedor,Muito seguro,ainda não sei pois entrei agora :)
,E.E.B. Balduíno Cardoso,2º Ano do Ensino Médio,Muito satisfeito,Importância média,Grande importância,Grande importância,Importância média,Importância média,Boa,Regular,Excelente,Excelente,Boa,Excelente,Qualidade acadêmica,Foi uma decisão conjunta,Sim,Melhor infraestrutura,Muito alta,Acolhedor,Seguro,tirar as aulas online  substituir por presenciais por que os alunos nao fazem nada online
,E.E.B. Balduíno Cardoso,3º Ano do Ensino Médio,Satisfeito,Grande importância,Grande importância,Grande importância,Grande importância,Grande importância,Muito boa,Boa,Boa,Boa,Boa,Boa,Estrutura e recursos,Foi escolha minha,Sim,Melhor infraestrutura,Neutra,Neutro,Neutro,
,E.E.B. Balduíno Cardoso,3º Ano do Ensino Médio,Neutro,Grande importância,Grande importância,Pouca importância,Pouca importância,Pouca importância,Boa,Boa,Boa,Regular,Regular,Regular,Qualidade acadêmica,Foi escolha do meu Responsável,Sim,Melhor suporte ao aluno,Baixa,Nada acolhedor,Seguro,
,E.E.B. Balduíno Cardoso,3º Ano do Ensino Médio,Neutro,Pouca importância,Grande importância,Grande importância,Grande importância,Grande importância,Regular,Muito boa,Excelente,Regular,Regular,Regular,Qualidade acadêmica,Foi escolha minha,Sim,Proximidade da sua casa,Alta,Pouco acolhedor,Seguro,
,E.E.B. Balduíno Cardoso,3º Ano do Ensino Médio,Muito satisfeito,Pouca importância,Grande importância,Grande importância,Sem importância,Pouca importância,Muito boa,Excelente,Regular,Boa,Boa,Excelente,Qualidade acadêmica,Foi escolha minha,Sim,Proximidade da sua casa,Alta,Neutro,Muito seguro,
,E.E.B. Balduíno Cardoso,3º Ano do Ensino Médio,Satisfeito,Grande importância,Importância média,Grande importância,Grande importância,Importância média,Muito boa,Muito boa,Excelente,Boa,Regular,Regular,Qualidade acadêmica,Foi escolha minha,Sim,Proximidade da sua casa,Neutra,Neutro,Seguro,"Maior interação entre pai e aluno, no contexto de ambiente escolar"
,E.E.B. Balduíno Cardoso,3º Ano do Ensino Médio,Neutro,Grande importância,Importância média,Importância média,Sem importância,Sem importância,Regular,Boa,Boa,Não se aplica,Regular,Regular,Localização,Foi escolha do meu Responsável,Talvez,Melhor suporte ao aluno,Muito baixa,Pouco acolhedor,Seguro,nada a declarar.
,E.E.B. Balduíno Cardoso,3º Ano do Ensino Médio,Muito satisfeito,Pouca importância,Grande importância,Grande importância,Grande importância,Grande importância,Excelente,Excelente,Boa,Regular,Regular,Boa,Qualidade acadêmica,Foi escolha minha,Sim,.,Neutra,Neutro,Muito seguro,.
,E.E.B. Balduíno Cardoso,3º Ano do Ensino Médio,Satisfeito,Importância média,Importância média,Importância média,Pouca importância,Pouca importância,Muito boa,Muito boa,Boa,Boa,Muito boa,Muito boa,Qualidade acadêmica,Foi uma decisão conjunta,Sim,Proximidade da sua casa,Alta,Neutro,Seguro,liberar o ginásio logo 
,E.E.B. Balduíno Cardoso,3º Ano do Ensino Médio,Satisfeito,Grande importância,Grande importância,Grande importância,Grande importância,Grande importância,Muito boa,Excelente,Muito boa,Boa,Regular,Muito boa,Estrutura e recursos,Foi escolha do meu Responsável,Sim,Proximidade da sua casa,Alta,Acolhedor,Seguro,
,E.E.B. Balduíno Cardoso,3º Ano do Ensino Médio,Neutro,Grande importância,Grande importância,Pouca importância,Pouca importância,Pouca importância,Boa,Boa,Boa,Ruim,Ruim,Indiferente / Não sei responder,Estrutura e recursos,Foi escolha minha,Sim,Proximidade da sua casa,Neutra,Neutro,Indiferente / Não sei responder,
,E.E.B. Balduíno Cardoso,3º Ano do Ensino Médio,Satisfeito,Pouca importância,Importância média,Importância média,Pouca importância,Importância média,Boa,Muito boa,Boa,Ruim,Ruim,Regular,Qualidade acadêmica,Foi uma decisão conjunta,Sim,Melhor suporte ao aluno,Alta,Pouco acolhedor,Seguro,Ouvir mais os alunos
,E.E.B. Balduíno Cardoso,3º Ano do Ensino Médio,Neutro,Pouca importância,Pouca importância,Pouca importância,Sem importância,Pouca importância,Regular,Muito boa,Regular,Não se aplica,Regular,Boa,Estrutura e recursos,Foi escolha minha,Sim,Melhor infraestrutura,Muito baixa,Neutro,Neutro,
,E.E.B. Balduíno Cardoso,3º Ano do Ensino Médio,Satisfeito,Importância média,Importância média,Pouca importância,Sem importância,Importância média,Regular,Muito boa,Ruim,Não se aplica,Regular,Boa,Custo,Foi uma decisão conjunta,Sim,Proximidade da sua casa,Neutra,Acolhedor,Seguro,inaugurar o ginásio logo.
,E.E.B. Balduíno Cardoso,3º Ano do Ensino Médio,Neutro,Pouca importância,Pouca importância,Pouca importância,Sem importância,Sem importância,Regular,Boa,Não sei responder,Ruim,Ruim,Regular,Estrutura e recursos,Foi escolha minha,Sim,Proximidade da sua casa,Neutra,Indiferente / Não sei responder,Seguro,Não sei responder 
,E.E.B. Balduíno Cardoso,3º Ano do Ensino Médio,Satisfeito,Pouca importância,Grande importância,Importância média,Importância média,Pouca importância,Boa,Muito boa,Regular,Não se aplica,Regular,Boa,Localização,Foi escolha minha,Sim,Proximidade da sua casa,Alta,Neutro,Neutro,"oferecer oportunidades de cursos, mais aulas práticas "
,E.E.B. Balduíno Cardoso,3º Ano do Ensino Médio,Neutro,Importância média,Grande importância,Importância média,Pouca importância,Pouca importância,Regular,Muito boa,Ruim,Não se aplica,Indiferente / Não sei responder,Boa,Estrutura e recursos,Foi uma decisão conjunta,Sim,Proximidade da sua casa,Alta,Neutro,Neutro,Aumentar a qualidade da equipe pedagógica.
,E.E.B. Balduíno Cardoso,3º Ano do Ensino Médio,Satisfeito,Pouca importância,Importância média,Importância média,Importância média,Importância média,Muito boa,Boa,Muito boa,Ruim,Ruim,Regular,Estrutura e recursos,Foi uma decisão conjunta,Sim,Melhor suporte ao aluno,Neutra,Acolhedor,Seguro,"Que obtenham uma procura maior pela opnião dos alunos, sobre assuntos escolares, eventos e outros"
,E.E.B. Balduíno Cardoso,3º Ano do Ensino Médio,Neutro,Importância média,Grande importância,Grande importância,Pouca importância,Pouca importância,Ruim,Boa,Regular,Regular,Não se aplica,Regular,Qualidade acadêmica,Foi escolha minha,Sim,Melhor suporte ao aluno,Neutra,Nada acolhedor,Muito seguro,Não se intrometer na vida pessoal do estudante 
,E.E.B. Balduíno Cardoso,3º Ano do Ensino Médio,Neutro,Importância média,Importância média,Grande importância,Importância média,Importância média,Boa,Muito boa,Regular,Regular,Boa,Regular,Estrutura e recursos,Foi escolha minha,Sim,Proximidade da sua casa,Alta,Pouco acolhedor,Muito seguro,nao cuidar da vida dos outros e cuidar  mais da sua parar de implicar com quem nao deve e sim com quem presisa 
,E.E.B. Balduíno Cardoso,3º Ano do Ensino Médio,Insatisfeito,Pouca importância,Pouca importância,Importância média,Pouca importância,Pouca importância,Ruim,Boa,Regular,Ruim,Não se aplica,Ruim,Qualidade acadêmica,Foi uma decisão conjunta,Sim,Melhor qualidade acadêmica,Muito baixa,Pouco acolhedor,Nada seguro,"Melhorar o sistema escolar tirando aulas online, melhorar a qualidade de ensino dos professores, não aumentando a carga horaria dos alunos ou professores junto com a melhoria da infraestrutura escolar."
,E.E.B. Balduíno Cardoso,Magistério,Satisfeito,Grande importância,Grande importância,Grande importância,Pouca importância,Sem importância,Muito boa,Boa,Boa,Não sei responder,Indiferente / Não sei responder,Regular,Qualidade acadêmica,Foi escolha do meu Responsável,Sim,Melhor qualidade acadêmica,Alta,Neutro,Neutro,
,E.E.B. Balduíno Cardoso,Magistério,Muito satisfeito,Importância média,Grande importância,Grande importância,Importância média,Pouca importância,Muito boa,Muito boa,Excelente,Boa,Regular,Regular,Qualidade acadêmica,Foi escolha do meu Responsável,Sim,Proximidade da sua casa,Muito alta,Acolhedor,Seguro,
,E.E.B. Balduíno Cardoso,Magistério,Satisfeito,Grande importância,Grande importância,Grande importância,Grande importância,Grande importância,Excelente,Excelente,Excelente,Excelente,Excelente,Excelente,Qualidade acadêmica,Foi escolha minha,Sim,Proximidade da sua casa,Alta,Acolhedor,Muito seguro,
,E.E.B. Balduíno Cardoso,Magistério,Satisfeito,Grande importância,Grande importância,Importância média,Grande importância,Importância média,Boa,Excelente,Excelente,Regular,Regular,Boa,Qualidade acadêmica,Foi escolha minha,Sim,Proximidade da sua casa,Neutra,Acolhedor,Seguro,.
,E.E.B. Balduíno Cardoso,Magistério,Satisfeito,Grande importância,Importância média,Pouca importância,Importância média,Pouca importância,Regular,Boa,Boa,Ruim,Ruim,Regular,Qualidade acadêmica,Foi escolha minha,Sim,Melhor suporte ao aluno,Neutra,Pouco acolhedor,Seguro,se é escola que visa ter um curso de magistério teria que dar mais atenção ao curso.
,E.E.B. Balduíno Cardoso,Magistério,Satisfeito,Grande importância,Importância média,Importância média,Grande importância,Importância média,Muito boa,Boa,Boa,Boa,Boa,Boa,Custo,Foi escolha minha,Sim,Proximidade da sua casa,Muito alta,Neutro,Seguro,
,E.E.B. Balduíno Cardoso,Magistério,Insatisfeito,Importância média,Importância média,Importância média,Sem importância,Grande importância,Regular,Boa,Ruim,Ruim,Ruim,Ruim,Custo,Foi escolha minha,Sim,Proximidade da sua casa,Baixa,Nada acolhedor,Pouco seguro,pressionar menos os alunos  
,E.E.B. Balduíno Cardoso,Magistério,Muito satisfeito,Grande importância,Grande importância,Grande importância,Grande importância,Grande importância,Muito boa,Muito boa,Muito boa,Boa,Boa,Boa,Estrutura e recursos,Foi escolha minha,Sim,Melhor qualidade acadêmica,Muito alta,Neutro,Seguro,
,E.E.B. Balduíno Cardoso,Magistério,Satisfeito,Grande importância,Grande importância,Importância média,Pouca importância,Pouca importância,Muito boa,Boa,Boa,Não sei responder,Não se aplica,Regular,Qualidade acadêmica,Foi uma decisão conjunta,Sim,Melhor suporte ao aluno,Neutra,Acolhedor,Seguro,O fato de que não devem tratar o magistério como última opção.
,E.E.B. Balduíno Cardoso,Magistério,Satisfeito,Importância média,Importância média,Importância média,Importância média,Importância média,Boa,Boa,Boa,Regular,Regular,Boa,Localização,Foi escolha minha,Sim,Proximidade da sua casa,Alta,Acolhedor,Seguro,Oferecer materiais aos alunos para trabalhos na escola de forma gratuita.
,E.E.B. Balduíno Cardoso,Magistério,Satisfeito,Grande importância,Grande importância,Grande importância,Grande importância,Grande importância,Regular,Regular,Boa,Boa,Boa,Boa,Qualidade acadêmica,Foi escolha minha,Sim,Proximidade da sua casa,Alta,Acolhedor,Pouco seguro,
,E.E.B. Balduíno Cardoso,Magistério,Satisfeito,Grande importância,Grande importância,Grande importância,Grande importância,Sem importância,Regular,Regular,Excelente,Boa,Boa,Boa,Qualidade acadêmica,Foi escolha minha,Sim,Proximidade da sua casa,Muito alta,Acolhedor,Pouco seguro,
,E.E.B. Balduíno Cardoso,Magistério,Satisfeito,Importância média,Grande importância,Importância média,Grande importância,Importância média,Regular,Boa,Excelente,Boa,Boa,Boa,Atividades extracurriculares,Foi escolha minha,Sim,Proximidade da sua casa,Muito alta,Acolhedor,Muito seguro,
,E.E.B. Balduíno Cardoso,Magistério,Satisfeito,Grande importância,Grande importância,Importância média,Importância média,Sem importância,Boa,Boa,Muito boa,Regular,Regular,Muito boa,Qualidade acadêmica,Foi escolha minha,Sim,escolher outro curso ,Alta,Acolhedor,Seguro,"seria no lanche, poderian servir mais comida na hora do lanche, do que pao ou bolacha.
porque a maioria dos estudantes saem da escola e vao direto para o trabalho,
seria melhor  algo que sustenta mais"
,E.E.B. Balduíno Cardoso,1º Ano do Ensino Médio,Satisfeito,Grande importância,Grande importância,Grande importância,Grande importância,Grande importância,Boa,Boa,Boa,Regular,Boa,Boa,Estrutura e recursos,Foi uma decisão conjunta,Não,Melhor qualidade acadêmica,Neutra,Neutro,Seguro,nenhuma
,E.E.B. Balduíno Cardoso,1º Ano do Ensino Médio,Muito satisfeito,Sem importância,Grande importância,Grande importância,Importância média,Importância média,Boa,Muito boa,Excelente,Regular,Ruim,Excelente,Qualidade acadêmica,Foi escolha minha,Talvez,Melhor qualidade acadêmica,Muito alta,Neutro,Neutro,
,E.E.B. Balduíno Cardoso,1º Ano do Ensino Médio,Satisfeito,Importância média,Importância média,Grande importância,Importância média,Importância média,Muito boa,Excelente,Boa,Regular,Regular,Boa,Estrutura e recursos,Foi escolha minha,Sim,Melhor infraestrutura,Alta,Neutro,Muito seguro,
,E.E.B. Balduíno Cardoso,1º Ano do Ensino Médio,Satisfeito,Importância média,Pouca importância,Pouca importância,Importância média,Pouca importância,Ruim,Muito boa,Excelente,Excelente,Boa,Boa,Atividades extracurriculares,Foi uma decisão conjunta,Talvez,Melhor suporte ao aluno,Alta,Pouco acolhedor,Seguro,os professores melhorares 
,E.E.B. Balduíno Cardoso,1º Ano do Ensino Médio,Satisfeito,Grande importância,Grande importância,Importância média,Grande importância,Grande importância,Excelente,Muito boa,Excelente,Muito boa,Excelente,Excelente,Qualidade acadêmica,Foi escolha do meu Responsável,Sim,Proximidade da sua casa,Muito alta,Acolhedor,Seguro,estar mais ausente e ser mais observadores com os  alunos
,E.E.B. Balduíno Cardoso,1º Ano do Ensino Médio,Satisfeito,Importância média,Grande importância,Grande importância,Grande importância,Grande importância,Muito boa,Muito boa,Boa,Boa,Boa,Muito boa,Qualidade acadêmica,Foi escolha minha,Sim,Melhor suporte ao aluno,Muito alta,Acolhedor,Muito seguro,nao sei 
,E.E.B. Balduíno Cardoso,1º Ano do Ensino Médio,Satisfeito,Importância média,Grande importância,Importância média,Importância média,Sem importância,Muito boa,Muito boa,Excelente,Excelente,Boa,Excelente,Qualidade acadêmica,Foi uma decisão conjunta,Sim,Melhor qualidade acadêmica,Alta,Neutro,Seguro,
,E.E.B. Balduíno Cardoso,1º Ano do Ensino Médio,Satisfeito,Pouca importância,Importância média,Importância média,Pouca importância,Sem importância,Boa,Muito boa,Boa,Boa,Boa,Boa,Qualidade acadêmica,Foi escolha minha,Sim,Proximidade da sua casa,Alta,Neutro,Neutro,não sei
,E.E.B. Balduíno Cardoso,1º Ano do Ensino Médio,Neutro,Grande importância,Grande importância,Importância média,Importância média,Importância média,Regular,Regular,Ruim,Ruim,Ruim,Boa,Qualidade acadêmica,Foi escolha minha,Talvez,Melhor qualidade acadêmica,Neutra,Pouco acolhedor,Neutro,"muitas, alguns professores, projetos etc."
,E.E.B Nilo Peçanha,2º Ano do Ensino Médio,Satisfeito,Importância média,Importância média,Pouca importância,Pouca importância,Pouca importância,Boa,Muito boa,Regular,Ruim,Regular,Regular,Custo,Foi escolha do meu Responsável,Sim,Melhor suporte ao aluno,Neutra,Acolhedor,Seguro,
,E.E.B Nilo Peçanha,2º Ano do Ensino Médio,Satisfeito,Grande importância,Grande importância,Pouca importância,Sem importância,Sem importância,Muito boa,Excelente,Boa,Excelente,Boa,Boa,Qualidade acadêmica,Foi uma decisão conjunta,Sim,Melhor qualidade acadêmica,Muito alta,Acolhedor,Seguro,Nenhuma
,E.E.B Nilo Peçanha,2º Ano do Ensino Médio,Neutro,Pouca importância,Importância média,Grande importância,Grande importância,Grande importância,Muito boa,Boa,Não sei responder,Excelente,Regular,Indiferente / Não sei responder,"pessoas que respeitam, tanto alunos quanto professores, e apoio no esporte e atividades alem da sala",Foi escolha minha,Sim,Melhor suporte ao aluno,Alta,Indiferente / Não sei responder,Seguro,
,E.E.B Nilo Peçanha,2º Ano do Ensino Médio,Satisfeito,Grande importância,Importância média,Importância média,Grande importância,Grande importância,Boa,Boa,Muito boa,Boa,Boa,Excelente,Qualidade acadêmica,Foi escolha do meu Responsável,Sim,nao tenho,Muito alta,Acolhedor,Pouco seguro,aulas de artes marciais
,E.E.B Nilo Peçanha,2º Ano do Ensino Médio,Neutro,Importância média,Grande importância,Pouca importância,Sem importância,Sem importância,Muito boa,Regular,Boa,Regular,Não se aplica,Regular,Estrutura e recursos,Foi escolha do meu Responsável,Talvez,Melhor infraestrutura,Neutra,Acolhedor,Neutro,aulas de reforço(penoa) projetos de mais aprendizagem para todos 
,E.E.B Nilo Peçanha,2º Ano do Ensino Médio,Neutro,Pouca importância,Grande importância,Importância média,Importância média,Importância média,Boa,Boa,Muito boa,Muito boa,Boa,Regular,Estrutura e recursos,Foi uma decisão conjunta,Talvez,Melhor suporte ao aluno,Neutra,Neutro,Seguro,
,E.E.B Nilo Peçanha,2º Ano do Ensino Médio,Satisfeito,Grande importância,Importância média,Grande importância,Grande importância,Pouca importância,Muito boa,Muito boa,Regular,Não sei responder,Excelente,Regular,Qualidade acadêmica,Foi uma decisão conjunta,Talvez,por mulher,Muito alta,Acolhedor,Neutro,voltar a servir iogurte com frutas
,E.E.B Nilo Peçanha,2º Ano do Ensino Médio,Satisfeito,Importância média,Grande importância,Importância média,Importância média,Grande importância,Boa,Regular,Boa,Muito boa,Indiferente / Não sei responder,Boa,Qualidade acadêmica,Foi uma decisão conjunta,Talvez,Melhor qualidade acadêmica,Neutra,Acolhedor,Seguro,
,E.E.B Nilo Peçanha,2º Ano do Ensino Médio,Neutro,Importância média,Importância média,Pouca importância,Pouca importância,Pouca importância,Boa,Regular,Regular,Regular,Regular,Boa,Estrutura e recursos,Foi escolha minha,Sim,Melhor qualidade acadêmica,Neutra,Neutro,Indiferente / Não sei responder,
,E.E.B Nilo Peçanha,2º Ano do Ensino Médio,Satisfeito,Grande importância,Grande importância,Grande importância,Importância média,Importância média,Muito boa,Muito boa,Muito boa,Boa,Boa,Excelente,Qualidade acadêmica,Foi uma decisão conjunta,Sim,Melhor qualidade acadêmica,Alta,Acolhedor,Muito seguro,
,E.E.B Nilo Peçanha,2º Ano do Ensino Médio,Satisfeito,Importância média,Grande importância,Pouca importância,Pouca importância,Pouca importância,Boa,Regular,Não sei responder,Muito boa,Indiferente / Não sei responder,Indiferente / Não sei responder,Localização,Foi escolha do meu Responsável,Sim,Melhor qualidade acadêmica,Alta,Neutro,Seguro,
,E.E.B Nilo Peçanha,2º Ano do Ensino Médio,Neutro,Grande importância,Importância média,Pouca importância,Importância média,Importância média,Boa,Muito boa,Boa,Regular,Ruim,Muito boa,Estrutura e recursos,Foi escolha do meu Responsável,Não,Melhor suporte ao aluno,Alta,Neutro,Seguro,mais projetos que envolve os alunos
,E.E.B Nilo Peçanha,2º Ano do Ensino Médio,Insatisfeito,Pouca importância,Importância média,Pouca importância,Importância média,Grande importância,Boa,Ruim,Regular,Ruim,Regular,Regular,Atividades extracurriculares,Foi escolha do meu Responsável,Sim,Melhor infraestrutura,Muito baixa,Neutro,Pouco seguro,fazer os alunos usarem mais tecnologia e menos caderno
,E.E.B Nilo Peçanha,2º Ano do Ensino Médio,Satisfeito,Pouca importância,Grande importância,Grande importância,Importância média,Grande importância,Excelente,Boa,Excelente,Muito boa,Muito boa,Excelente,Atividades extracurriculares,Foi uma decisão conjunta,Sim,Melhor qualidade acadêmica,Alta,Acolhedor,Muito seguro,"Acredito que tem muitas coisas para aprimorar, mais esta tudo melhorando muito, o novo diretor é um excelente diretor, e tenta de todo jeito achar um jeito de todos gostarem de vim pra escola, a equipe pedagógica sempre muito acolhedora e compreensiva para todo os alunos, e dando sempre o maior apoio para todos."
,E.E.B Nilo Peçanha,2º Ano do Ensino Médio,Insatisfeito,Pouca importância,Importância média,Pouca importância,Importância média,Grande importância,Indiferente / Não sei responder,Regular,Excelente,Excelente,Boa,Boa,Estrutura e recursos,Foi escolha do meu Responsável,Sim,Melhor qualidade acadêmica,Baixa,Acolhedor,Seguro,"goteira no teto da rampa,  e material para os alunos"
,E.E.B Nilo Peçanha,2º Ano do Ensino Médio,Neutro,Pouca importância,Grande importância,Sem importância,Importância média,Grande importância,Regular,Regular,Muito boa,Excelente,Boa,Boa,Estrutura e recursos,Foi escolha do meu Responsável,Sim,Melhor infraestrutura,Baixa,Acolhedor,Seguro,"a infraestrutura, materiais esportivos, bicicletario, e sem calssroom
"
,E.E.B Nilo Peçanha,2º Ano do Ensino Médio,Insatisfeito,Pouca importância,Importância média,Pouca importância,Importância média,Grande importância,Regular,Ruim,Boa,Ruim,Regular,Regular,Qualidade acadêmica,Foi escolha do meu Responsável,Talvez,Melhor qualidade acadêmica,Neutra,Neutro,Pouco seguro,"MELHORA NA CARGA HORÁRIA, CANCELAREM AS AULAS ONLINE."
,E.E.B Nilo Peçanha,2º Ano do Ensino Médio,Insatisfeito,Importância média,Importância média,Sem importância,Pouca importância,Sem importância,Regular,Boa,Regular,Muito boa,Ruim,Ruim,Estrutura e recursos,Foi escolha do meu Responsável,Sim,Melhor infraestrutura,Neutra,Neutro,Pouco seguro,.
,E.E.B Nilo Peçanha,2º Ano do Ensino Médio,Satisfeito,Grande importância,Grande importância,Grande importância,Grande importância,Grande importância,Boa,Muito boa,Boa,Boa,Regular,Ruim,Qualidade acadêmica,Foi uma decisão conjunta,Sim,Proximidade da sua casa,Alta,Acolhedor,Seguro,internet
,E.E.B Nilo Peçanha,2º Ano do Ensino Médio,Satisfeito,Grande importância,Importância média,Grande importância,Grande importância,Grande importância,Muito boa,Muito boa,Muito boa,Muito boa,Muito boa,Muito boa,Estrutura e recursos,Foi escolha minha,Sim,Proximidade da sua casa,Alta,Neutro,Seguro,
,E.E.B Nilo Peçanha,2º Ano do Ensino Médio,Satisfeito,Importância média,Grande importância,Pouca importância,Importância média,Importância média,Regular,Regular,Regular,Boa,Muito boa,Muito boa,Custo,Foi uma decisão conjunta,Sim,Melhor qualidade acadêmica,Alta,Neutro,Seguro,melhoria na internet em todos os ambientes da escola 
,E.E.B Nilo Peçanha,2º Ano do Ensino Médio,Neutro,Grande importância,Grande importância,Grande importância,Grande importância,Importância média,Boa,Regular,Boa,Boa,Regular,Muito boa,Qualidade acadêmica,Foi escolha do meu Responsável,Sim,nao pretendo mudar,Neutra,Acolhedor,Seguro,nao sei
,E.E.B Nilo Peçanha,2º Ano do Ensino Médio,Satisfeito,Importância média,Grande importância,Grande importância,Grande importância,Grande importância,Muito boa,Boa,Muito boa,Boa,Regular,Regular,Qualidade acadêmica,Foi uma decisão conjunta,Sim,Melhor infraestrutura,Muito alta,Acolhedor,Seguro,Maior apoio a outro esportes 
,E.E.B Nilo Peçanha,2º Ano do Ensino Médio,Insatisfeito,Pouca importância,Importância média,Pouca importância,Importância média,Grande importância,Regular,Ruim,Boa,Regular,Ruim,Regular,Qualidade acadêmica,Foi uma decisão conjunta,Talvez,Proximidade da sua casa,Neutra,Pouco acolhedor,Pouco seguro,"mais aulas praticas
"
,E.E.B Nilo Peçanha,2º Ano do Ensino Médio,Neutro,Grande importância,Importância média,Sem importância,Sem importância,Sem importância,Regular,Boa,Regular,Boa,Boa,Boa,Custo,Foi uma decisão conjunta,Sim,Melhor qualidade acadêmica,Neutra,Pouco acolhedor,Seguro,melhora da internet e trabalhos diferentes.
,E.E.B Nilo Peçanha,2º Ano do Ensino Médio,Neutro,Importância média,Importância média,Importância média,Pouca importância,Importância média,Boa,Ruim,Regular,Ruim,Muito boa,Muito boa,Estrutura e recursos,Foi escolha minha,Sim,Menor custo,Alta,Indiferente / Não sei responder,Indiferente / Não sei responder,.
,E.E.B Nilo Peçanha,2º Ano do Ensino Médio,Neutro,Importância média,Importância média,Importância média,Importância média,Importância média,Boa,Boa,Regular,Ruim,Boa,Regular,Qualidade acadêmica,Foi escolha do meu Responsável,Sim,jogos escolares,Neutra,Acolhedor,Seguro,MAIOR APOIO AOS ESPORTES
,E.E.B Nilo Peçanha,2º Ano do Ensino Médio,Neutro,Grande importância,Importância média,Grande importância,Grande importância,Grande importância,Boa,Muito boa,Muito boa,Excelente,Excelente,Boa,Qualidade acadêmica,Foi escolha minha,Sim,Melhor suporte ao aluno,Alta,Acolhedor,Seguro,Melhorar as áreas tecnológicas como wifi
,E.E.B Nilo Peçanha,2º Ano do Ensino Médio,Satisfeito,Grande importância,Importância média,Importância média,Sem importância,Importância média,Boa,Regular,Regular,Ruim,Regular,Boa,Localização,Foi uma decisão conjunta,Sim,Melhor infraestrutura,Alta,Neutro,Muito seguro,não sei
,E.E.B Nilo Peçanha,2º Ano do Ensino Médio,Satisfeito,Pouca importância,Importância média,Importância média,Importância média,Sem importância,Boa,Regular,Ruim,Boa,Boa,Boa,Qualidade acadêmica,Foi escolha minha,Sim,Melhor suporte ao aluno,Alta,Neutro,Seguro,investir mais em vestibulares
,E.E.B Nilo Peçanha,2º Ano do Ensino Médio,Satisfeito,Importância média,Importância média,Importância média,Importância média,Importância média,Boa,Regular,Boa,Regular,Boa,Boa,Localização,Foi escolha minha,Sim,não pretendo mudar,Neutra,Neutro,Neutro,
,E.E.B Nilo Peçanha,2º Ano do Ensino Médio,Muito satisfeito,Grande importância,Grande importância,Grande importância,Grande importância,Grande importância,Excelente,Muito boa,Excelente,Muito boa,Ruim,Muito boa,Estrutura e recursos,Foi escolha do meu Responsável,Sim,Melhor qualidade acadêmica,Muito alta,Acolhedor,Muito seguro,mudar a dona carla
,E.E.B Nilo Peçanha,2º Ano do Ensino Médio,Satisfeito,Grande importância,Importância média,Importância média,Pouca importância,Pouca importância,Boa,Regular,Boa,Boa,Boa,Muito boa,Atividades extracurriculares,Foi escolha do meu Responsável,Sim,Melhor suporte ao aluno,Neutra,Neutro,Seguro,nenhuma
,E.E.B Nilo Peçanha,2º Ano do Ensino Médio,Neutro,Importância média,Importância média,Pouca importância,Importância média,Importância média,Boa,Boa,Boa,Regular,Regular,Muito boa,Atividades extracurriculares,Foi escolha do meu Responsável,Sim,Menor custo,Alta,Acolhedor,Seguro,mais atenção para os alunos
,E.E.B Nilo Peçanha,2º Ano do Ensino Médio,Satisfeito,Grande importância,Importância média,Pouca importância,Importância média,Importância média,Muito boa,Boa,Muito boa,Excelente,Excelente,Excelente,Qualidade acadêmica,Foi uma decisão conjunta,Sim,Proximidade da sua casa,Alta,Acolhedor,Muito seguro,"mudar as comidas, ninguém aguenta uma semana inteira comendo pão ou bolacha. 
"
,E.E.B Nilo Peçanha,3º Ano do Ensino Médio,Muito satisfeito,Grande importância,Grande importância,Grande importância,Grande importância,Grande importância,Excelente,Excelente,Excelente,Excelente,Excelente,Excelente,Qualidade acadêmica,Foi uma decisão conjunta,Sim,nao mudaria,Muito alta,Acolhedor,Muito seguro,internet
,E.E.B Nilo Peçanha,3º Ano do Ensino Médio,Muito satisfeito,Grande importância,Grande importância,Grande importância,Grande importância,Grande importância,Excelente,Boa,Excelente,Boa,Excelente,Excelente,Qualidade acadêmica,Foi escolha minha,Sim,Melhor qualidade acadêmica,Alta,Neutro,Seguro,internet e programas sociais
,E.E.B Nilo Peçanha,3º Ano do Ensino Médio,Muito satisfeito,Grande importância,Grande importância,Grande importância,Grande importância,Grande importância,Excelente,Excelente,Excelente,Excelente,Excelente,Excelente,Qualidade acadêmica,Foi escolha do meu Responsável,Sim,nenhuma,Muito alta,Acolhedor,Muito seguro,não precisa de melhoria 
,E.E.B Nilo Peçanha,3º Ano do Ensino Médio,Muito satisfeito,Grande importância,Grande importância,Grande importância,Grande importância,Grande importância,Excelente,Excelente,Excelente,Excelente,Excelente,Excelente,Qualidade acadêmica,Foi escolha do meu Responsável,Sim,nenhuma,Muito alta,Acolhedor,Muito seguro,não precisa melhorar
,E.E.B Nilo Peçanha,3º Ano do Ensino Médio,Muito satisfeito,Grande importância,Grande importância,Grande importância,Grande importância,Grande importância,Excelente,Excelente,Excelente,Excelente,Excelente,Excelente,Qualidade acadêmica,Foi escolha do meu Responsável,Sim,Nenhuma,Muito alta,Acolhedor,Muito seguro,"R: Não precisa de melhorias, pois a escola Nilo Peçanha é maravilhosa."
,E.E.B Nilo Peçanha,3º Ano do Ensino Médio,Neutro,Grande importância,Importância média,Grande importância,Pouca importância,Importância média,Boa,Boa,Regular,Regular,Boa,Boa,Qualidade acadêmica,Foi escolha do meu Responsável,Sim,Melhor qualidade acadêmica,Alta,Neutro,Pouco seguro,Terem mais atenção sobre o que acontece no colégio com os alunos ficarem atentos a segurança do colégio e ter mais atenção se o aluno sofre com algo.
,E.E.B Nilo Peçanha,3º Ano do Ensino Médio,Neutro,Importância média,Importância média,Importância média,Importância média,Importância média,Muito boa,Boa,Boa,Regular,Boa,Boa,Estrutura e recursos,Foi escolha do meu Responsável,Sim,Proximidade da sua casa,Alta,Acolhedor,Neutro,ter mais atenção sobre o que acontece no colégio com os  alunos ficarem atentos a segurança do colégio e ter mais atenção se o aluno sofre com algo   
,E.E.B Nilo Peçanha,3º Ano do Ensino Médio,Satisfeito,Grande importância,Grande importância,Grande importância,Grande importância,Grande importância,Excelente,Excelente,Excelente,Excelente,Excelente,Excelente,Qualidade acadêmica,Foi escolha do meu Responsável,Sim,nenhuma ,Muito alta,Acolhedor,Muito seguro, não precisa de  nada
,E.E.B Nilo Peçanha,3º Ano do Ensino Médio,Neutro,Pouca importância,Importância média,Importância média,Pouca importância,Importância média,Regular,Regular,Boa,Regular,Indiferente / Não sei responder,Regular,Qualidade acadêmica,Foi escolha minha,Sim,Melhor suporte ao aluno,Neutra,Pouco acolhedor,Pouco seguro,
,E.E.B Nilo Peçanha,3º Ano do Ensino Médio,Neutro,Pouca importância,Importância média,Importância média,Sem importância,Importância média,Boa,Muito boa,Boa,Boa,Regular,Boa,Qualidade acadêmica,Foi uma decisão conjunta,Sim,Melhor suporte ao aluno,Neutra,Neutro,Neutro,um planejamento melhorado es tá bom 
,E.E.B Nilo Peçanha,3º Ano do Ensino Médio,Neutro,Importância média,Importância média,Importância média,Importância média,Importância média,Boa,Boa,Boa,Muito boa,Boa,Boa,Estrutura e recursos,Foi uma decisão conjunta,Talvez,Proximidade da sua casa,Neutra,Neutro,Seguro,
,E.E.B Nilo Peçanha,3º Ano do Ensino Médio,Neutro,Grande importância,Grande importância,Pouca importância,Pouca importância,Pouca importância,Boa,Regular,Não sei responder,Regular,Indiferente / Não sei responder,Boa,Qualidade acadêmica,Foi escolha do meu Responsável,Sim,Melhor qualidade acadêmica,Alta,Acolhedor,Seguro,Melhorar a infraestrutura
,E.E.B Nilo Peçanha,3º Ano do Ensino Médio,Neutro,Pouca importância,Importância média,Sem importância,Sem importância,Grande importância,Boa,Excelente,Não sei responder,Muito boa,Indiferente / Não sei responder,Ruim,Estrutura e recursos,Foi escolha do meu Responsável,Sim,Menor custo,Neutra,Nada acolhedor,Neutro,Melhorar a instrutura
,E.E.B Nilo Peçanha,3º Ano do Ensino Médio,Satisfeito,Sem importância,Importância média,Importância média,Importância média,Sem importância,Boa,Boa,Não sei responder,Boa,Boa,Boa,Qualidade acadêmica,Foi escolha minha,Sim,Melhor qualidade acadêmica,Alta,Acolhedor,Seguro,"não sei
"
,E.E.B Nilo Peçanha,3º Ano do Ensino Médio,Satisfeito,Pouca importância,Importância média,Importância média,Grande importância,Grande importância,Muito boa,Boa,Excelente,Muito boa,Muito boa,Excelente,Estrutura e recursos,Foi escolha minha,Sim,Melhor suporte ao aluno,Alta,Neutro,Seguro,
,E.E.B Nilo Peçanha,3º Ano do Ensino Médio,Neutro,Grande importância,Importância média,Grande importância,Grande importância,Grande importância,Boa,Muito boa,Regular,Regular,Regular,Boa,Estrutura e recursos,Foi escolha minha,Sim,Melhor suporte ao aluno,Alta,Neutro,Neutro,problemas estruturais 
,E.E.B Nilo Peçanha,3º Ano do Ensino Médio,Neutro,Importância média,Importância média,Pouca importância,Sem importância,Sem importância,Regular,Regular,Boa,Não sei responder,Ruim,Indiferente / Não sei responder,Qualidade acadêmica,Foi escolha do meu Responsável,Sim,Melhor qualidade acadêmica,Neutra,Neutro,Seguro,"Melhorar o suporte aos alunos 
"
,E.E.B Nilo Peçanha,3° Ano do Técnico Integrado,Insatisfeito,Importância média,Importância média,Pouca importância,Importância média,Importância média,Boa,Regular,Boa,Regular,Ruim,Regular,Qualidade acadêmica,Foi escolha do meu Responsável,Sim,Melhor qualidade acadêmica,Neutra,Pouco acolhedor,Pouco seguro,Melhorar o acolhimento com os alunos e levar pra frente os casos de assedio para não ocorrer mais
,E.E.B Nilo Peçanha,3º Ano do Ensino Médio,Neutro,Pouca importância,Grande importância,Importância média,Importância média,Sem importância,Regular,Ruim,Regular,Ruim,Ruim,Regular,Localização,Foi uma decisão conjunta,Sim,Melhor qualidade acadêmica,Neutra,Nada acolhedor,Pouco seguro,"

"
,E.E.B Nilo Peçanha,3º Ano do Ensino Médio,Neutro,Importância média,Importância média,Importância média,Pouca importância,Sem importância,Boa,Regular,Não sei responder,Não sei responder,Indiferente / Não sei responder,Indiferente / Não sei responder,Qualidade acadêmica,Foi escolha do meu Responsável,Sim,Melhor qualidade acadêmica,Neutra,Neutro,Neutro,
,E.E.B Nilo Peçanha,3º Ano do Ensino Médio,Neutro,Grande importância,Importância média,Pouca importância,Importância média,Sem importância,Regular,Boa,Ruim,Regular,Ruim,Boa,Qualidade acadêmica,Foi uma decisão conjunta,Sim,Melhor qualidade acadêmica,Neutra,Neutro,Neutro,Ouvir os alunos em relação aos problemas; Dar uma maior atenção aos problemas de infraestrutura; Melhorar a disponibilidade de recursos; Melhorar o suporte pedagógico; Dar mais preferência a cursos técnicos mais relevantes.
,E.E.B Nilo Peçanha,3º Ano do Ensino Médio,Muito insatisfeito,Pouca importância,Grande importância,Grande importância,Pouca importância,Pouca importância,Ruim,Ruim,Regular,Ruim,Ruim,Ruim,Estrutura e recursos,Foi uma decisão conjunta,Sim,Melhor suporte ao aluno,Baixa,Nada acolhedor,Neutro,a coordenação deveria ser mais compreensiva e entender o lado dos aluamos e dar mais importância para eles .
,E.E.B Nilo Peçanha,3º Ano do Ensino Médio,Muito insatisfeito,Pouca importância,Grande importância,Grande importância,Pouca importância,Pouca importância,Ruim,Ruim,Regular,Ruim,Ruim,Ruim,Estrutura e recursos,Foi uma decisão conjunta,Sim,Melhor suporte ao aluno,Baixa,Nada acolhedor,Neutro,A direção deveria ser mais acolhedora e escutar mais os alunos. Deveria ser feito reformas no interior da escola.
,E.E.B Nilo Peçanha,3º Ano do Ensino Médio,Neutro,Grande importância,Importância média,Importância média,Pouca importância,Sem importância,Boa,Regular,Não sei responder,Não sei responder,Indiferente / Não sei responder,Boa,Qualidade acadêmica,Foi escolha do meu Responsável,Sim,Trabalho,Neutra,Neutro,Neutro,"Melhora na infraestrutura escolar, quando pedimos apoio psicológico darem e que ouçam os/as alunos/alunas que se tem alguma reclamação sobre os professores ou outros alunos."
,E.E.B Nilo Peçanha,3º Ano do Ensino Médio,Satisfeito,Grande importância,Importância média,Pouca importância,Sem importância,Sem importância,Boa,Regular,Não sei responder,Ruim,Indiferente / Não sei responder,Excelente,Localização,Foi escolha do meu Responsável,Sim,Melhor qualidade acadêmica,Neutra,Neutro,Neutro,"Melhorar a infraestrutura (Colocar cortinas nas salas, melhoria nos banheiros etc.), capacitar os professores para dar apoio psicológico para os estudantes com possíveis transtornos mentais, e ouvir e fazer algo pelas alunas que reclamam de professores que as ""xavecam"" dentro do ambiente escolar."
,E.E.B Nilo Peçanha,1º Ano do Ensino Médio,Neutro,Grande importância,Importância média,Importância média,Pouca importância,Pouca importância,Regular,Boa,Regular,Regular,Boa,Boa,Qualidade acadêmica,Foi escolha do meu Responsável,Talvez,Menor custo,Neutra,Neutro,Muito seguro,nenhuma
,E.E.B. Balduíno Cardoso,1º Ano do Ensino Médio,Satisfeito,Pouca importância,Grande importância,Grande importância,Importância média,Importância média,Muito boa,Excelente,Boa,Muito boa,Muito boa,Excelente,Qualidade acadêmica,Foi escolha minha,Sim,Melhor infraestrutura,Alta,Neutro,Muito seguro,escutar mais os estudantes.
,E.E.B Nilo Peçanha,1º Ano do Ensino Médio,Satisfeito,Grande importância,Importância média,Grande importância,Grande importância,Grande importância,Boa,Excelente,Muito boa,Muito boa,Regular,Muito boa,Localização,Foi uma decisão conjunta,Talvez,Melhor infraestrutura,Muito alta,Neutro,Muito seguro,melhoria de materiais de ensino
,E.E.B Nilo Peçanha,1º Ano do Ensino Médio,Satisfeito,Grande importância,Grande importância,Importância média,Grande importância,Grande importância,Excelente,Excelente,Boa,Excelente,Excelente,Excelente,Qualidade acadêmica,Foi escolha do meu Responsável,Talvez,Melhor qualidade acadêmica,Alta,Acolhedor,Seguro,uma internet melhor 
,E.E.B Nilo Peçanha,1º Ano do Ensino Médio,Neutro,Importância média,Grande importância,Grande importância,Importância média,Grande importância,Boa,Regular,Regular,Boa,Boa,Regular,Qualidade acadêmica,Foi escolha do meu Responsável,Sim,Melhor qualidade acadêmica,Neutra,Neutro,Neutro,
,E.E.B Nilo Peçanha,1º Ano do Ensino Médio,Satisfeito,Importância média,Grande importância,Importância média,Grande importância,Importância média,Muito boa,Boa,Regular,Boa,Boa,Boa,Estrutura e recursos,Foi escolha do meu Responsável,Sim,Proximidade da sua casa,Alta,Acolhedor,Seguro,mais cursos 
,E.E.B Nilo Peçanha,1º Ano do Ensino Médio,Neutro,Importância média,Grande importância,Importância média,Sem importância,Sem importância,Regular,Boa,Regular,Muito boa,Boa,Regular,Localização,Foi escolha do meu Responsável,Sim,Proximidade da sua casa,Alta,Acolhedor,Neutro,"melhorar a internet, para fazer liçoes etc
"
,E.E.B Nilo Peçanha,1º Ano do Ensino Médio,Neutro,Pouca importância,Grande importância,Grande importância,Grande importância,Importância média,Boa,Boa,Boa,Boa,Boa,Boa,Estrutura e recursos,Foi escolha do meu Responsável,Sim,Melhor infraestrutura,Alta,Acolhedor,Seguro,
,E.E.B Nilo Peçanha,1º Ano do Ensino Médio,Muito satisfeito,Grande importância,Grande importância,Grande importância,Grande importância,Grande importância,Excelente,Excelente,Excelente,Excelente,Excelente,Excelente,Qualidade acadêmica,Foi uma decisão conjunta,Talvez,NAO TROPCO O NILO POR NADA,Muito alta,Acolhedor,Muito seguro,NADA A DIZER.
,E.E.B Nilo Peçanha,1º Ano do Técnico Integrado,Muito satisfeito,Grande importância,Grande importância,Grande importância,Grande importância,Grande importância,Excelente,Excelente,Excelente,Excelente,Excelente,Excelente,Qualidade acadêmica,Foi uma decisão conjunta,Sim,não troco o nilo por nada ,Muito alta,Acolhedor,Muito seguro,"nenhuma, esta tudo perfeito <3"
,E.E.B Nilo Peçanha,1º Ano do Ensino Médio,Satisfeito,Grande importância,Grande importância,Importância média,Grande importância,Grande importância,Muito boa,Excelente,Boa,Excelente,Muito boa,Excelente,Estrutura e recursos,Foi escolha minha,Sim,Melhor infraestrutura,Alta,Acolhedor,Muito seguro,uma internet melhor
,E.E.B Nilo Peçanha,1º Ano do Ensino Médio,Muito satisfeito,Grande importância,Grande importância,Grande importância,Grande importância,Grande importância,Excelente,Excelente,Excelente,Excelente,Excelente,Excelente,Qualidade acadêmica,Foi uma decisão conjunta,Sim,Melhor qualidade acadêmica,Muito alta,Acolhedor,Muito seguro,nada a dizer esta tudo perfeito
,E.E.B Nilo Peçanha,1º Ano do Ensino Médio,Satisfeito,Importância média,Grande importância,Grande importância,Importância média,Importância média,Muito boa,Boa,Boa,Boa,Boa,Muito boa,Estrutura e recursos,Foi uma decisão conjunta,Talvez,Melhor qualidade acadêmica,Alta,Neutro,Seguro,esta otimo do jeito que esta 
,E.E.B Nilo Peçanha,1º Ano do Ensino Médio,Neutro,Grande importância,Importância média,Importância média,Pouca importância,Importância média,Regular,Regular,Ruim,Regular,Ruim,Boa,Qualidade acadêmica,Foi escolha do meu Responsável,Talvez,Melhor qualidade acadêmica,Neutra,Indiferente / Não sei responder,Neutro,Melhorar a internet que não funciona em grande parte da escola
,E.E.B Nilo Peçanha,1º Ano do Ensino Médio,Neutro,Importância média,Grande importância,Importância média,Sem importância,Sem importância,Regular,Boa,Regular,Boa,Boa,Boa,Estrutura e recursos,Foi escolha do meu Responsável,Sim,Melhor infraestrutura,Muito alta,Acolhedor,Neutro,"melhorar a internet para os alunos
"
,E.E.B Nilo Peçanha,1º Ano do Ensino Médio,Satisfeito,Pouca importância,Grande importância,Pouca importância,Pouca importância,Pouca importância,Boa,Boa,Boa,Muito boa,Boa,Muito boa,Estrutura e recursos,Foi uma decisão conjunta,Talvez,Melhor infraestrutura,Neutra,Neutro,Neutro,melhorar a dinâmica dela
,E.E.B Nilo Peçanha,1º Ano do Ensino Médio,Neutro,Importância média,Importância média,Importância média,Sem importância,Sem importância,Regular,Boa,Não sei responder,Regular,Regular,Regular,Qualidade acadêmica,Foi escolha do meu Responsável,Talvez,Melhor qualidade acadêmica,Baixa,Neutro,Neutro,"Novos livros para a biblioteca, que não sejam na versão reduzida."
,E.E.B. Balduíno Cardoso,1º Ano do Ensino Médio,Neutro,Sem importância,Pouca importância,Pouca importância,Pouca importância,Pouca importância,Ruim,Boa,Não sei responder,Regular,Ruim,Ruim,Qualidade acadêmica,Foi uma decisão conjunta,Sim,Proximidade da sua casa,Neutra,Neutro,Pouco seguro,melhorar a educacao  
,E.E.B Nilo Peçanha,1º Ano do Ensino Médio,Neutro,Importância média,Importância média,Importância média,Importância média,Importância média,Boa,Boa,Boa,Boa,Muito boa,Boa,Estrutura e recursos,Foi escolha do meu Responsável,Talvez,Melhor suporte ao aluno,Neutra,Pouco acolhedor,Neutro,"internet melhor para o estudos no classroom, "
,E.E.B Nilo Peçanha,1º Ano do Ensino Médio,Satisfeito,Grande importância,Importância média,Importância média,Grande importância,Grande importância,Regular,Muito boa,Excelente,Excelente,Regular,Boa,Qualidade acadêmica,Foi escolha minha,Não,Melhor infraestrutura,Neutra,Neutro,Seguro,.MELHORAR A QUADRA
,E.E.B Nilo Peçanha,1º Ano do Ensino Médio,Neutro,Importância média,Importância média,Pouca importância,Grande importância,Importância média,Boa,Boa,Regular,Regular,Boa,Boa,Atividades extracurriculares,Foi escolha do meu Responsável,Talvez,Melhor suporte ao aluno,Neutra,Pouco acolhedor,Neutro,
,E.E.B Nilo Peçanha,1º Ano do Ensino Médio,Satisfeito,Grande importância,Importância média,Importância média,Grande importância,Grande importância,Boa,Muito boa,Boa,Regular,Indiferente / Não sei responder,Boa,Localização,Foi escolha do meu Responsável,Talvez,Melhor infraestrutura,Alta,Acolhedor,Seguro,melhorar a quadra 
,E.E.B Nilo Peçanha,1º Ano do Ensino Médio,Neutro,Grande importância,Grande importância,Grande importância,Importância média,Importância média,Boa,Excelente,Regular,Regular,Regular,Regular,Qualidade acadêmica,Foi escolha do meu Responsável,Talvez,Melhor qualidade acadêmica,Alta,Pouco acolhedor,Seguro,
,E.E.B Nilo Peçanha,1º Ano do Ensino Médio,Muito satisfeito,Grande importância,Grande importância,Grande importância,Grande importância,Importância média,Muito boa,Muito boa,Excelente,Muito boa,Excelente,Excelente,Estrutura e recursos,Foi escolha do meu Responsável,Sim,Melhor qualidade acadêmica,Alta,Acolhedor,Muito seguro,Na gestão escolar.
,E.E.B Nilo Peçanha,1º Ano do Ensino Médio,Neutro,Grande importância,Importância média,Sem importância,Sem importância,Sem importância,Regular,Boa,Boa,Regular,Ruim,Ruim,Atividades extracurriculares,Foi escolha do meu Responsável,Sim,Melhor qualidade acadêmica,Muito alta,Pouco acolhedor,Muito seguro,ter mais educação com os alunos ter atividade diferentes serem mais firmes com quem não e educado
,E.E.B Nilo Peçanha,1º Ano do Ensino Médio,Insatisfeito,Pouca importância,Grande importância,Importância média,Pouca importância,Importância média,Boa,Regular,Boa,Não se aplica,Ruim,Boa,Estrutura e recursos,Foi escolha do meu Responsável,Sim,uma escola que tenha sal na comida,Muito alta,Acolhedor,Neutro,"ter 3 interclasses no ano,sal na comida , refeições melhores e muitas atividades dinamicas"
,E.E.B Nilo Peçanha,1º Ano do Ensino Médio,Muito insatisfeito,Pouca importância,Grande importância,Importância média,Sem importância,Sem importância,Indiferente / Não sei responder,Ruim,Ruim,Ruim,Indiferente / Não sei responder,Regular,Localização,Foi uma decisão conjunta,Talvez,Melhor infraestrutura,Muito baixa,Indiferente / Não sei responder,Neutro,"Que tenha sal na comida, e açucares, e mais tempo de recreio refeições melhores por que so os professores tem comida boa na hora do intervalo"
,E.E.B Nilo Peçanha,1º Ano do Ensino Médio,Satisfeito,Grande importância,Grande importância,Importância média,Importância média,Importância média,Boa,Boa,Regular,Regular,Boa,Boa,Estrutura e recursos,Foi escolha do meu Responsável,Talvez,amigos,Neutra,Acolhedor,Seguro,
,E.E.B Nilo Peçanha,1º Ano do Ensino Médio,Neutro,Importância média,Importância média,Pouca importância,Grande importância,Importância média,Boa,Excelente,Muito boa,Excelente,Boa,Muito boa,Estrutura e recursos,Foi escolha do meu Responsável,Sim,Melhor infraestrutura,Muito alta,Neutro,Muito seguro,"melhorar o wi-fi, melhorar a comunicação com os alunos "
,E.E.B Nilo Peçanha,1º Ano do Ensino Médio,Satisfeito,Grande importância,Grande importância,Grande importância,Grande importância,Importância média,Muito boa,Excelente,Muito boa,Excelente,Regular,Boa,Estrutura e recursos,Foi uma decisão conjunta,Sim,Melhor suporte ao aluno,Alta,Neutro,Muito seguro,melhorar o wifi da escola e colocar wifi em mais lugares e dar senha gratis para alunos estudiosos 
,E.E.B Nilo Peçanha,1º Ano do Ensino Médio,Neutro,Importância média,Importância média,Sem importância,Importância média,Importância média,Boa,Excelente,Muito boa,Excelente,Boa,Muito boa,Estrutura e recursos,Foi escolha do meu Responsável,Sim,Melhor infraestrutura,Alta,Neutro,Muito seguro,"melhorar o wi-fi, melhorar o cardápio, dar senha gratis para todos os alunos, melhorar comunicação com os alunos,  "
,E.E.B Nilo Peçanha,1º Ano do Ensino Médio,Satisfeito,Grande importância,Importância média,Pouca importância,Pouca importância,Sem importância,Muito boa,Excelente,Boa,Muito boa,Excelente,Muito boa,Estrutura e recursos,Foi escolha do meu Responsável,Sim,Melhor infraestrutura,Alta,Acolhedor,Seguro,Mais projetos diferentes desenvolvido ou indicado pelos alunos.
,E.E.B Nilo Peçanha,1º Ano do Ensino Médio,Satisfeito,Grande importância,Grande importância,Pouca importância,Sem importância,Sem importância,Muito boa,Muito boa,Muito boa,Excelente,Muito boa,Muito boa,onde meus pais me colocarem,Foi escolha do meu Responsável,Sim,amizades,Alta,Acolhedor,Seguro,"a comida e a forma como falam com os alunos, a forma de ensino ser mais didatica com dinamicas "
,E.E.B Nilo Peçanha,1º Ano do Ensino Médio,Neutro,Importância média,Importância média,Pouca importância,Pouca importância,Pouca importância,Boa,Boa,Regular,Regular,Regular,Boa,Localização,Foi escolha do meu Responsável,Sim,mudar de cidade,Neutra,Neutro,Neutro,melhorar a comida e as cortinas da escola
,E.E.B Nilo Peçanha,1º Ano do Ensino Médio,Insatisfeito,Importância média,Importância média,Importância média,Importância média,Importância média,Regular,Regular,Regular,Regular,Boa,Regular,Qualidade acadêmica,Foi escolha minha,Talvez,Proximidade da sua casa,Neutra,Nada acolhedor,Nada seguro,comida e internet
,E.E.B Nilo Peçanha,9º Ano do Ensino Fundamental,Satisfeito,Pouca importância,Grande importância,Grande importância,Grande importância,Grande importância,Muito boa,Regular,Muito boa,Muito boa,Excelente,Excelente,Qualidade acadêmica,Foi escolha do meu Responsável,Sim,Melhor qualidade acadêmica,Muito alta,Acolhedor,Seguro,
,E.E.B Nilo Peçanha,9º Ano do Ensino Fundamental,Satisfeito,Importância média,Importância média,Importância média,Grande importância,Grande importância,Boa,Muito boa,Regular,Excelente,Boa,Regular,Estrutura e recursos,Foi escolha minha,Talvez,Melhor suporte ao aluno,Alta,Acolhedor,Seguro,
,E.E.B Nilo Peçanha,9º Ano do Ensino Fundamental,Neutro,Pouca importância,Importância média,Importância média,Importância média,Grande importância,Boa,Regular,Regular,Regular,Ruim,Ruim,Qualidade acadêmica,Foi escolha do meu Responsável,Sim,Melhor infraestrutura,Neutra,Pouco acolhedor,Neutro,nenhuma
,E.E.B Nilo Peçanha,9º Ano do Ensino Fundamental,Satisfeito,Pouca importância,Sem importância,Sem importância,Pouca importância,Sem importância,Muito boa,Regular,Boa,Boa,Boa,Muito boa,Qualidade acadêmica,Foi uma decisão conjunta,Talvez,Proximidade da sua casa,Neutra,Acolhedor,Seguro,
,E.E.B Nilo Peçanha,9º Ano do Ensino Fundamental,Neutro,Grande importância,Grande importância,Grande importância,Importância média,Grande importância,Muito boa,Excelente,Muito boa,Ruim,Não se aplica,Excelente,Qualidade acadêmica,Foi escolha minha,Sim,Melhor qualidade acadêmica,Muito alta,Acolhedor,Seguro,nenhuma
,E.E.B Nilo Peçanha,9º Ano do Ensino Fundamental,Satisfeito,Grande importância,Grande importância,Grande importância,Grande importância,Grande importância,Muito boa,Muito boa,Muito boa,Muito boa,Muito boa,Muito boa,Estrutura e recursos,Foi escolha do meu Responsável,Sim,não vou mudar,Muito alta,Acolhedor,Muito seguro,
,E.E.B Nilo Peçanha,9º Ano do Ensino Fundamental,Muito satisfeito,Importância média,Grande importância,Importância média,Grande importância,Grande importância,Excelente,Muito boa,Excelente,Excelente,Boa,Regular,Atividades extracurriculares,Foi escolha do meu Responsável,Sim,Melhor qualidade acadêmica,Alta,Acolhedor,Neutro,um pouco mais minutos na hora do recreio
,E.E.B Nilo Peçanha,9º Ano do Ensino Fundamental,Satisfeito,Grande importância,Importância média,Importância média,Importância média,Pouca importância,Boa,Regular,Não sei responder,Regular,Boa,Boa,Estrutura e recursos,Foi escolha minha,Sim,Melhor qualidade acadêmica,Neutra,Neutro,Seguro,
,E.E.B Nilo Peçanha,9º Ano do Ensino Fundamental,Muito satisfeito,Grande importância,Grande importância,Importância média,Pouca importância,Importância média,Boa,Boa,Não sei responder,Regular,Boa,Indiferente / Não sei responder,Localização,Foi escolha do meu Responsável,Talvez,Proximidade da sua casa,Neutra,Indiferente / Não sei responder,Seguro,
,E.E.B Nilo Peçanha,9º Ano do Ensino Fundamental,Satisfeito,Pouca importância,Grande importância,Pouca importância,Importância média,Importância média,Boa,Muito boa,Boa,Boa,Boa,Boa,Atividades extracurriculares,Foi uma decisão conjunta,Sim,Melhor qualidade acadêmica,Alta,Neutro,Seguro,
,E.E.B Nilo Peçanha,9º Ano do Ensino Fundamental,Satisfeito,Importância média,Grande importância,Pouca importância,Importância média,Importância média,Boa,Muito boa,Boa,Regular,Boa,Boa,Atividades extracurriculares,Foi uma decisão conjunta,Talvez,Proximidade da sua casa,Alta,Neutro,Seguro,
,E.E.B Nilo Peçanha,9º Ano do Ensino Fundamental,Satisfeito,Importância média,Importância média,Pouca importância,Pouca importância,Importância média,Boa,Regular,Ruim,Boa,Indiferente / Não sei responder,Regular,Qualidade acadêmica,Foi uma decisão conjunta,Talvez,Proximidade da sua casa,Alta,Neutro,Neutro,nenhuma 
,E.E.B Nilo Peçanha,9º Ano do Ensino Fundamental,Satisfeito,Pouca importância,Grande importância,Importância média,Grande importância,Grande importância,Regular,Boa,Boa,Boa,Ruim,Boa,Qualidade acadêmica,Foi escolha minha,Talvez,Melhor suporte ao aluno,Alta,Pouco acolhedor,Seguro,atividades diferentes
,E.E.B Nilo Peçanha,9º Ano do Ensino Fundamental,Neutro,Pouca importância,Importância média,Grande importância,Pouca importância,Pouca importância,Boa,Boa,Não sei responder,Muito boa,Muito boa,Regular,Localização,Foi escolha minha,Talvez,Melhor suporte ao aluno,Neutra,Pouco acolhedor,Neutro,
,E.E.B Nilo Peçanha,9º Ano do Ensino Fundamental,Neutro,Importância média,Importância média,Importância média,Grande importância,Importância média,Boa,Ruim,Boa,Regular,Boa,Boa,Estrutura e recursos,Foi escolha do meu Responsável,Não,melhor ensino com ganho de dinheiro,Baixa,Pouco acolhedor,Nada seguro,"ensinar a trabalhar com dinheiro e economia
"
,E.E.B Nilo Peçanha,9º Ano do Ensino Fundamental,Insatisfeito,Importância média,Importância média,Pouca importância,Pouca importância,Pouca importância,Regular,Ruim,Não se aplica,Regular,Regular,Regular,Estrutura e recursos,Foi escolha do meu Responsável,Talvez,Melhor infraestrutura,Neutra,Neutro,Neutro,ensino para trabalhar com dinheiro e economia financeira
,E.E.B Nilo Peçanha,9º Ano do Ensino Fundamental,Muito insatisfeito,Sem importância,Sem importância,Importância média,Grande importância,Sem importância,Ruim,Ruim,Regular,Boa,Regular,Ruim,Atividades extracurriculares,Foi escolha do meu Responsável,Não,melhorar muito os professores eles estao pessimos,Alta,Nada acolhedor,Nada seguro,precisamos de professores melhores
,E.E.B Nilo Peçanha,9º Ano do Ensino Fundamental,Neutro,Importância média,Importância média,Importância média,Importância média,Importância média,Regular,Muito boa,Boa,Muito boa,Boa,Regular,Estrutura e recursos,Foi escolha do meu Responsável,Talvez,Melhor suporte ao aluno,Neutra,Pouco acolhedor,Neutro,"tratar os alunos bem, aumentar as aulas de recuperacao"
,E.E.B Nilo Peçanha,9º Ano do Ensino Fundamental,Neutro,Importância média,Grande importância,Importância média,Pouca importância,Sem importância,Excelente,Regular,Excelente,Não sei responder,Regular,Muito boa,Estrutura e recursos,Foi escolha minha,Sim,Melhor suporte ao aluno,Alta,Neutro,Muito seguro,
,E.E.B Nilo Peçanha,9º Ano do Ensino Fundamental,Satisfeito,Grande importância,Grande importância,Grande importância,Grande importância,Grande importância,Excelente,Muito boa,Não sei responder,Muito boa,Muito boa,Boa,Qualidade acadêmica,Foi uma decisão conjunta,Sim,Melhor qualidade acadêmica,Alta,Neutro,Neutro, almentar a educacao e o estudo
,E.E.B Nilo Peçanha,9º Ano do Ensino Fundamental,Satisfeito,Grande importância,Grande importância,Grande importância,Grande importância,Grande importância,Boa,Muito boa,Ruim,Boa,Ruim,Regular,publica ,Foi uma decisão conjunta,Sim,com mais educacao fisica e sem palestra nas aulas de educasao fisica,Neutra,Neutro,Pouco seguro,um recreio mais longo e lanche um pouco melhor e ser mais acolhedora entender o lado das pessoas que nao estao bem e nao julgar igual fiseram com migo por que e sacanagem perder o pai e ficarem falando que voce nao tem pai
,E.E.B Nilo Peçanha,9º Ano do Ensino Fundamental,Neutro,Importância média,Grande importância,Importância média,Pouca importância,Importância média,Ruim,Ruim,Excelente,Ruim,Excelente,Muito boa,Estrutura e recursos,Foi escolha do meu Responsável,Talvez,MELHORAR OS PROFESSORES,Neutra,Neutro,Muito seguro,MELHORAR OS PROFESSORES PRINCIPALMENTE PROF JOHNY
,E.E.B Nilo Peçanha,9º Ano do Ensino Fundamental,Neutro,Pouca importância,Importância média,Importância média,Importância média,Pouca importância,Boa,Regular,Regular,Muito boa,Muito boa,Regular,Estrutura e recursos,Foi uma decisão conjunta,Não,Melhor infraestrutura,Neutra,Pouco acolhedor,Nada seguro,"MELHORAR A INFRAESTUTURA, POR CAMERAS POR TODA A ESCOLA QUE A IMAGEM PEGUE NAS PORTAS DE TODAS AS SALAS, MELHORAS NO LANCHE, ETRUTURA ELETRICA."
,E.E.B Nilo Peçanha,9º Ano do Ensino Fundamental,Insatisfeito,Importância média,Pouca importância,Importância média,Sem importância,Sem importância,Ruim,Ruim,Regular,Regular,Boa,Regular,Estrutura e recursos,Foi uma decisão conjunta,Não,Melhor infraestrutura,Muito baixa,Nada acolhedor,Nada seguro,melhorar a infraestrutura melhorar o lanche as cameras a segurança a internet o ensino os professores
,E.E.B Nilo Peçanha,9º Ano do Ensino Fundamental,Satisfeito,Pouca importância,Grande importância,Sem importância,Grande importância,Grande importância,Boa,Boa,Boa,Boa,Boa,Excelente,Qualidade acadêmica,Foi escolha minha,Sim,Melhor qualidade acadêmica,Muito alta,Neutro,Seguro,
,E.E.B Nilo Peçanha,9º Ano do Ensino Fundamental,Satisfeito,Importância média,Importância média,Grande importância,Importância média,Grande importância,Boa,Regular,Regular,Muito boa,Regular,Regular,Qualidade acadêmica,Foi escolha do meu Responsável,Talvez,Melhor qualidade acadêmica,Neutra,Neutro,Neutro,
,E.E.B Nilo Peçanha,9º Ano do Ensino Fundamental,Muito insatisfeito,Grande importância,Pouca importância,Sem importância,Sem importância,Importância média,Regular,Ruim,Não se aplica,Não se aplica,Ruim,Boa,Qualidade acadêmica,Foi escolha do meu Responsável,Não,Proximidade da sua casa,Neutra,Neutro,Nada seguro,
,E.E.B Nilo Peçanha,9º Ano do Ensino Fundamental,Muito insatisfeito,Grande importância,Sem importância,Sem importância,Sem importância,Sem importância,Ruim,Ruim,Não se aplica,Ruim,Ruim,Ruim,Atividades extracurriculares,Foi escolha do meu Responsável,Não,Melhor qualidade acadêmica,Muito baixa,Nada acolhedor,Pouco seguro,
,E.E.B Nilo Peçanha,9º Ano do Ensino Fundamental,Neutro,Grande importância,Importância média,Importância média,Importância média,Importância média,Muito boa,Ruim,Boa,Muito boa,Excelente,Boa,Localização,Foi escolha do meu Responsável,Sim,Proximidade da sua casa,Neutra,Neutro,Seguro,
,E.E.B Nilo Peçanha,9º Ano do Ensino Fundamental,Satisfeito,Importância média,Importância média,Importância média,Grande importância,Grande importância,Excelente,Excelente,Boa,Muito boa,Muito boa,Boa,Localização,Foi uma decisão conjunta,Sim,Melhor qualidade acadêmica,Muito alta,Acolhedor,Muito seguro,Ter aulas dinâmicas.
,E.E.B Nilo Peçanha,9º Ano do Ensino Fundamental,Neutro,Importância média,Importância média,Grande importância,Grande importância,Importância média,Boa,Boa,Muito boa,Regular,Regular,Regular,Localização,Foi escolha do meu Responsável,Talvez,Melhor suporte ao aluno,Neutra,Neutro,Seguro,mais aulas praticas e passeios fora da escola
,E.E.B Nilo Peçanha,9º Ano do Ensino Fundamental,Muito satisfeito,Importância média,Grande importância,Importância média,Grande importância,Grande importância,Excelente,Ruim,Regular,Boa,Ruim,Boa,Estrutura e recursos,Foi escolha do meu Responsável,Sim,Melhor suporte ao aluno,Alta,Acolhedor,Seguro,
,E.E.B Nilo Peçanha,9º Ano do Ensino Fundamental,Satisfeito,Grande importância,Grande importância,Importância média,Grande importância,Pouca importância,Excelente,Excelente,Excelente,Boa,Excelente,Muito boa,Atividades extracurriculares,Foi escolha do meu Responsável,Sim,Melhor qualidade acadêmica,Muito alta,Acolhedor,Seguro,pra mim nao prescisa melhorar nada
,E.E.B Nilo Peçanha,9º Ano do Ensino Fundamental,Neutro,Importância média,Importância média,Importância média,Grande importância,Importância média,Boa,Ruim,Regular,Boa,Regular,Boa,Estrutura e recursos,Foi escolha minha,Sim,Melhor suporte ao aluno,Neutra,Acolhedor,Seguro,
,E.E.B Nilo Peçanha,9º Ano do Ensino Fundamental,Neutro,Pouca importância,Importância média,Grande importância,Grande importância,Importância média,Regular,Boa,Muito boa,Regular,Regular,Regular,Qualidade acadêmica,Foi escolha do meu Responsável,Talvez,Melhor suporte ao aluno,Neutra,Neutro,Seguro,"mais jogos, mas aula praticas"
,E.E.B Nilo Peçanha,9º Ano do Ensino Fundamental,Insatisfeito,Importância média,Pouca importância,Pouca importância,Sem importância,Sem importância,Regular,Ruim,Não sei responder,Boa,Regular,Boa,Qualidade acadêmica,Foi escolha do meu Responsável,Talvez,Melhor suporte ao aluno,Neutra,Neutro,Neutro,ouvir os alunos
,E.E.B Nilo Peçanha,9º Ano do Ensino Fundamental,Insatisfeito,Importância média,Pouca importância,Pouca importância,Sem importância,Sem importância,Regular,Ruim,Não sei responder,Boa,Regular,Boa,Qualidade acadêmica,Foi escolha minha,Talvez,Melhor suporte ao aluno,Neutra,Neutro,Neutro,ouvir os alunos
,E.E.B Nilo Peçanha,9º Ano do Ensino Fundamental,Neutro,Importância média,Grande importância,Importância média,Pouca importância,Grande importância,Boa,Regular,Boa,Regular,Regular,Boa,Atividades extracurriculares,Foi escolha minha,Talvez,Proximidade da sua casa,Neutra,Neutro,Neutro,mais atividades diferentes
,E.E.B Nilo Peçanha,9º Ano do Ensino Fundamental,Satisfeito,Sem importância,Grande importância,Importância média,Importância média,Pouca importância,Muito boa,Excelente,Não sei responder,Boa,Indiferente / Não sei responder,Boa,Localização,Foi escolha do meu Responsável,Talvez,Melhor suporte ao aluno,Baixa,Neutro,Neutro,
,E.E.B Nilo Peçanha,9º Ano do Ensino Fundamental,Muito satisfeito,Pouca importância,Grande importância,Importância média,Grande importância,Importância média,Boa,Muito boa,Muito boa,Excelente,Boa,Muito boa,Custo,Foi escolha minha,Sim,Melhor infraestrutura,Alta,Acolhedor,Seguro,"ter mais jogos esportivos, interclasse"
,E.E.B Nilo Peçanha,9º Ano do Ensino Fundamental,Satisfeito,Importância média,Grande importância,Grande importância,Grande importância,Grande importância,Muito boa,Excelente,Muito boa,Excelente,Muito boa,Excelente,Estrutura e recursos,Foi escolha minha,Sim,Melhor infraestrutura,Muito alta,Neutro,Muito seguro,"ter mais interclasse
"
,E.E.B Nilo Peçanha,9º Ano do Ensino Fundamental,Neutro,Pouca importância,Importância média,Importância média,Pouca importância,Importância média,Regular,Ruim,Regular,Ruim,Regular,Boa,Localização,Foi escolha do meu Responsável,Sim,Melhor suporte ao aluno,Neutra,Pouco acolhedor,Neutro,acolher melhor os alunos.
,E.E.B Nilo Peçanha,9º Ano do Ensino Fundamental,Neutro,Pouca importância,Importância média,Importância média,Importância média,Pouca importância,Regular,Boa,Regular,Excelente,Boa,Regular,Custo,Foi escolha do meu Responsável,Sim,Melhor qualidade acadêmica,Neutra,Neutro,Neutro,mais jogos esportivos e interclasse
,E.E.B Nilo Peçanha,9º Ano do Ensino Fundamental,Muito satisfeito,Grande importância,Grande importância,Grande importância,Importância média,Grande importância,Excelente,Excelente,Boa,Excelente,Muito boa,Excelente,Atividades extracurriculares,Foi escolha do meu Responsável,Talvez,Melhor infraestrutura,Muito alta,Acolhedor,Seguro,"evitar brigas, mais segurança e responsabilidades."
,E.E.B Nilo Peçanha,9º Ano do Ensino Fundamental,Neutro,Pouca importância,Importância média,Importância média,Importância média,Pouca importância,Boa,Boa,Boa,Excelente,Boa,Regular,Localização,Foi escolha minha,Não,Melhor suporte ao aluno,Muito alta,Neutro,Neutro,QUE TENHA MAIS INTERCLACES
,E.E.B Nilo Peçanha,9º Ano do Ensino Fundamental,Satisfeito,Importância média,Grande importância,Importância média,Grande importância,Importância média,Excelente,Muito boa,Boa,Excelente,Muito boa,Excelente,Atividades extracurriculares,Foi escolha do meu Responsável,Sim,Proximidade da sua casa,Muito alta,Neutro,Muito seguro,mais conteldo
,E.E.B Nilo Peçanha,9º Ano do Ensino Fundamental,Muito satisfeito,Grande importância,Importância média,Grande importância,Grande importância,Grande importância,Excelente,Excelente,Excelente,Excelente,Excelente,Excelente,Estrutura e recursos,Foi escolha do meu Responsável,Sim,Melhor suporte ao aluno,Muito alta,Neutro,Muito seguro,"evitar brigas, mais segurança."
,E.E.B Nilo Peçanha,9º Ano do Ensino Fundamental,Satisfeito,Importância média,Grande importância,Importância média,Importância média,Grande importância,Regular,Muito boa,Boa,Excelente,Regular,Muito boa,Qualidade acadêmica,Foi uma decisão conjunta,Sim,Melhor qualidade acadêmica,Alta,Acolhedor,Pouco seguro,"evitar briga, ter segurança, "
,E.E.B. Balduíno Cardoso,Magistério,Muito satisfeito,Grande importância,Grande importância,Grande importância,Grande importância,Grande importância,Excelente,Excelente,Excelente,Excelente,Excelente,Excelente,Estrutura e recursos,Foi escolha minha,Sim,Proximidade da sua casa,Muito alta,Acolhedor,Muito seguro,"Nenhuma, está tudo ótimo "
,E.E.B. Balduíno Cardoso,Magistério,Muito satisfeito,Grande importância,Grande importância,Grande importância,Grande importância,Grande importância,Excelente,Excelente,Excelente,Não sei responder,Excelente,Excelente,Qualidade acadêmica,Foi escolha minha,Sim,Proximidade da sua casa,Muito alta,Acolhedor,Muito seguro,nenhuma
,E.E.B. Balduíno Cardoso,Magistério,Muito satisfeito,Grande importância,Grande importância,Grande importância,Grande importância,Grande importância,Excelente,Excelente,Excelente,Excelente,Excelente,Excelente,Qualidade acadêmica,Foi escolha minha,Sim,Melhor infraestrutura,Muito alta,Acolhedor,Neutro,
,E.E.B. Balduíno Cardoso,Magistério,Satisfeito,Pouca importância,Importância média,Importância média,Grande importância,Grande importância,Muito boa,Regular,Boa,Não sei responder,Não se aplica,Indiferente / Não sei responder,Qualidade acadêmica,Foi escolha minha,Sim,Melhor qualidade acadêmica,Alta,Acolhedor,Neutro,nada a declarar
,E.E.B. Balduíno Cardoso,Magistério,Muito satisfeito,Grande importância,Grande importância,Grande importância,Grande importância,Grande importância,Excelente,Muito boa,Excelente,Não se aplica,Boa,Muito boa,Estrutura e recursos,Foi escolha minha,Sim,Melhor suporte ao aluno,Muito alta,Acolhedor,Pouco seguro,boa
,E.E.B. Balduíno Cardoso,Magistério,Satisfeito,Importância média,Grande importância,Importância média,Importância média,Importância média,Excelente,Muito boa,Muito boa,Regular,Regular,Boa,Qualidade acadêmica,Foi uma decisão conjunta,Sim,Proximidade da sua casa,Alta,Acolhedor,Seguro,
,E.E.B. Balduíno Cardoso,Magistério,Muito satisfeito,Pouca importância,Grande importância,Grande importância,Grande importância,Grande importância,Excelente,Excelente,Excelente,Excelente,Excelente,Excelente,Qualidade acadêmica,Foi escolha minha,Sim,Melhor qualidade acadêmica,Muito alta,Acolhedor,Seguro,Poder trazer filho em algum momento que precise. Por emergência.
,E.E.B. Balduíno Cardoso,Magistério,Satisfeito,Grande importância,Grande importância,Grande importância,Grande importância,Grande importância,Boa,Boa,Boa,Boa,Boa,Boa,Estrutura e recursos,Foi escolha minha,Sim,Menor custo,Muito alta,Acolhedor,Seguro,
,E.E.B. Balduíno Cardoso,Magistério,Satisfeito,Pouca importância,Importância média,Importância média,Grande importância,Grande importância,Muito boa,Muito boa,Muito boa,Não se aplica,Regular,Boa,Qualidade acadêmica,Foi escolha minha,Sim,Melhor qualidade acadêmica,Muito alta,Acolhedor,Neutro,.
,E.E.B. Balduíno Cardoso,Magistério,Satisfeito,Importância média,Grande importância,Grande importância,Grande importância,Grande importância,Muito boa,Boa,Excelente,Muito boa,Boa,Muito boa,Qualidade acadêmica,Foi escolha minha,Sim,Proximidade da sua casa,Muito alta,Acolhedor,Seguro,sem sugestoes
,E.E.B. Balduíno Cardoso,Magistério,Neutro,Importância média,Pouca importância,Pouca importância,Importância média,Importância média,Boa,Boa,Boa,Não se aplica,Ruim,Regular,Estrutura e recursos,Foi uma decisão conjunta,Sim,Proximidade da sua casa,Baixa,Acolhedor,Neutro,".
"
,E.E.B. Balduíno Cardoso,Magistério,Satisfeito,Sem importância,Grande importância,Pouca importância,Grande importância,Importância média,Boa,Muito boa,Muito boa,Não sei responder,Boa,Boa,Qualidade acadêmica,Foi uma decisão conjunta,Sim,Melhor qualidade acadêmica,Alta,Acolhedor,Muito seguro,nada a declarar 
,E.E.B. Balduíno Cardoso,Magistério,Neutro,Sem importância,Grande importância,Sem importância,Sem importância,Sem importância,Boa,Boa,Boa,Ruim,Ruim,Boa,Qualidade acadêmica,Foi escolha minha,Sim,Melhor suporte ao aluno,Muito baixa,Pouco acolhedor,Muito seguro,melhor atendimento pedagogico
,E.E.B. Balduíno Cardoso,Magistério,Satisfeito,Grande importância,Grande importância,Grande importância,Grande importância,Grande importância,Muito boa,Muito boa,Muito boa,Muito boa,Muito boa,Muito boa,Qualidade acadêmica,Foi escolha minha,Sim,Melhor qualidade acadêmica,Muito alta,Acolhedor,Neutro,
,E.E.B. Balduíno Cardoso,Magistério,Satisfeito,Importância média,Grande importância,Pouca importância,Pouca importância,Pouca importância,Boa,Boa,Boa,Regular,Regular,Boa,Qualidade acadêmica,Foi escolha minha,Sim,Melhor qualidade acadêmica,Neutra,Acolhedor,Seguro,
,E.E.B. Balduíno Cardoso,Magistério,Neutro,Grande importância,Importância média,Importância média,Importância média,Importância média,Boa,Boa,Boa,Não se aplica,Indiferente / Não sei responder,Indiferente / Não sei responder,Qualidade acadêmica,Foi escolha minha,Sim,Proximidade da sua casa,Alta,Neutro,Seguro,Ouvir e dar mais assistência aos alunos 
,E.E.B. Balduíno Cardoso,Magistério,Satisfeito,Grande importância,Grande importância,Grande importância,Pouca importância,Importância média,Muito boa,Muito boa,Muito boa,Boa,Boa,Boa,Qualidade acadêmica,Foi escolha minha,Sim,Proximidade da sua casa,Alta,Neutro,Seguro,nada a declarar
,E.E.B. Balduíno Cardoso,Magistério,Satisfeito,Importância média,Grande importância,Importância média,Importância média,Importância média,Boa,Boa,Boa,Boa,Boa,Boa,Qualidade acadêmica,Foi escolha minha,Sim,Proximidade da sua casa,Alta,Acolhedor,Nada seguro,
,E.E.B. Balduíno Cardoso,Magistério,Satisfeito,Grande importância,Grande importância,Importância média,Pouca importância,Sem importância,Excelente,Muito boa,Excelente,Regular,Excelente,Excelente,Qualidade acadêmica,Foi escolha minha,Sim,Melhor qualidade acadêmica,Alta,Acolhedor,Pouco seguro,
,E.E.B. Balduíno Cardoso,Magistério,Neutro,Importância média,Grande importância,Importância média,Importância média,Importância média,Muito boa,Regular,Boa,Regular,Boa,Regular,Qualidade acadêmica,Foi escolha minha,Sim,Melhor qualidade acadêmica,Neutra,Pouco acolhedor,Nada seguro,"segurança,  ser amigavel mais tempo para regencia"
,E.E.B. Balduíno Cardoso,Magistério,Satisfeito,Grande importância,Importância média,Importância média,Importância média,Importância média,Muito boa,Boa,Muito boa,Muito boa,Muito boa,Muito boa,Estrutura e recursos,Foi escolha minha,Sim,Proximidade da sua casa,Alta,Acolhedor,Seguro,
,E.E.B. Balduíno Cardoso,Educação Especial,Neutro,Importância média,Grande importância,Sem importância,Sem importância,Sem importância,Regular,Regular,Muito boa,Regular,Indiferente / Não sei responder,Indiferente / Não sei responder,Qualidade acadêmica,Foi escolha minha,Sim,Melhor qualidade acadêmica,Baixa,Neutro,Neutro,
,E.E.B. Balduíno Cardoso,Educação Especial,Satisfeito,Grande importância,Grande importância,Grande importância,Grande importância,Grande importância,Excelente,Muito boa,Excelente,Boa,Muito boa,Muito boa,Qualidade acadêmica,Foi escolha minha,Sim,Proximidade da sua casa,Muito alta,Acolhedor,Seguro,simpatia e acolhimento
,E.E.B. Balduíno Cardoso,Educação Especial,Muito satisfeito,Grande importância,Grande importância,Grande importância,Grande importância,Grande importância,Excelente,Excelente,Excelente,Muito boa,Muito boa,Excelente,Qualidade acadêmica,Foi escolha minha,Sim,Melhor suporte ao aluno,Muito alta,Acolhedor,Muito seguro,
,E.E.B. Balduíno Cardoso,Educação Especial,Satisfeito,Importância média,Grande importância,Grande importância,Grande importância,Importância média,Muito boa,Boa,Muito boa,Regular,Boa,Boa,Qualidade acadêmica,Foi escolha minha,Sim,Melhor qualidade acadêmica,Alta,Acolhedor,Neutro,
,E.E.B. Balduíno Cardoso,Educação Especial,Satisfeito,Grande importância,Grande importância,Pouca importância,Grande importância,Grande importância,Boa,Muito boa,Excelente,Boa,Boa,Muito boa,Estrutura e recursos,Foi escolha minha,Sim,Depois que acabar os cursos.,Muito alta,Acolhedor,Neutro,
,E.E.B. Balduíno Cardoso,Educação Especial,Satisfeito,Grande importância,Grande importância,Grande importância,Grande importância,Grande importância,Muito boa,Boa,Excelente,Muito boa,Indiferente / Não sei responder,Indiferente / Não sei responder,Localização,Foi escolha minha,Sim,Proximidade da sua casa,Alta,Acolhedor,Seguro,investir em acessibilidade na infra-estrutura física
,E.E.B. Balduíno Cardoso,Educação Especial,Satisfeito,Importância média,Importância média,Importância média,Pouca importância,Pouca importância,Boa,Regular,Regular,Ruim,Regular,Boa,Qualidade acadêmica,Foi escolha minha,Sim,Proximidade da sua casa,Neutra,Nada acolhedor,Neutro,
,E.E.B. Balduíno Cardoso,Educação Especial,Satisfeito,Importância média,Grande importância,Grande importância,Grande importância,Pouca importância,Excelente,Regular,Muito boa,Boa,Boa,Boa,Qualidade acadêmica,Foi escolha minha,Sim,não há outras com o curso de educação especial,Muito alta,Acolhedor,Seguro,
,E.E.B. Balduíno Cardoso,Educação Especial,Muito satisfeito,Grande importância,Grande importância,Grande importância,Grande importância,Grande importância,Excelente,Excelente,Excelente,Boa,Excelente,Muito boa,Custo,Foi escolha minha,Sim,Melhor qualidade acadêmica,Muito alta,Acolhedor,Muito seguro,
,E.E.B. Balduíno Cardoso,Educação Especial,Satisfeito,Importância média,Grande importância,Importância média,Importância média,Importância média,Muito boa,Regular,Muito boa,Boa,Boa,Boa,Qualidade acadêmica,Foi escolha minha,Sim,Proximidade da sua casa,Alta,Acolhedor,Seguro,Como estudante do curso de Educação Especial acho que precisa de melhorias na acessibilidade para pessoas com deficiência
,E.E.B. Balduíno Cardoso,Magistério,Muito satisfeito,Grande importância,Grande importância,Grande importância,Grande importância,Grande importância,Excelente,Muito boa,Excelente,Muito boa,Muito boa,Boa,Qualidade acadêmica,Foi escolha minha,Sim,Proximidade da sua casa,Muito alta,Acolhedor,Muito seguro,
,E.E.B. Balduíno Cardoso,Magistério,Muito satisfeito,Grande importância,Grande importância,Grande importância,Grande importância,Grande importância,Excelente,Excelente,Excelente,Excelente,Excelente,Excelente,Qualidade acadêmica,Foi escolha minha,Sim,Proximidade da sua casa,Muito alta,Acolhedor,Muito seguro,
,E.E.B. Balduíno Cardoso,Magistério,Muito satisfeito,Grande importância,Grande importância,Grande importância,Grande importância,Grande importância,Excelente,Excelente,Excelente,Excelente,Excelente,Excelente,Qualidade acadêmica,Foi escolha minha,Sim,Proximidade da sua casa,Muito alta,Acolhedor,Muito seguro,
,E.E.B. Balduíno Cardoso,Magistério,Neutro,Importância média,Grande importância,Pouca importância,Grande importância,Pouca importância,Boa,Regular,Muito boa,Regular,Regular,Boa,Qualidade acadêmica,Foi escolha minha,Sim,Proximidade da sua casa,Alta,Neutro,Neutro,
,E.E.B. Balduíno Cardoso,Magistério,Satisfeito,Sem importância,Grande importância,Grande importância,Grande importância,Grande importância,Muito boa,Muito boa,Excelente,Ruim,Regular,Regular,Estrutura e recursos,Foi escolha minha,Sim,OS COLEGAS DE CLASSE,Alta,Neutro,Seguro,
,E.E.B. Balduíno Cardoso,Magistério,Neutro,Importância média,Pouca importância,Importância média,Grande importância,Sem importância,Regular,Regular,Não sei responder,Excelente,Excelente,Regular,Estrutura e recursos,Foi escolha do meu Responsável,Talvez,Melhor suporte ao aluno,Neutra,Nada acolhedor,Muito seguro,
,E.E.B. Balduíno Cardoso,Magistério,Satisfeito,Importância média,Grande importância,Grande importância,Grande importância,Grande importância,Muito boa,Muito boa,Excelente,Regular,Regular,Boa,Estrutura e recursos,Foi uma decisão conjunta,,Menor custo,Muito alta,Acolhedor,Nada seguro,
,E.E.B. Balduíno Cardoso,Magistério,Satisfeito,Importância média,Importância média,Importância média,Importância média,Importância média,Muito boa,Muito boa,Muito boa,Boa,Não se aplica,Muito boa,Qualidade acadêmica,Foi escolha minha,Sim,Melhor qualidade acadêmica,Alta,Acolhedor,Seguro,Mais aulas práticas.
,E.E.B. Balduíno Cardoso,Magistério,Neutro,Importância média,Grande importância,Grande importância,Sem importância,Sem importância,Boa,Regular,Muito boa,Regular,Boa,Boa,Estrutura e recursos,Foi escolha minha,Sim,Proximidade da sua casa,Alta,Neutro,Neutro,
,E.E.B. Balduíno Cardoso,Magistério,Satisfeito,Grande importância,Grande importância,Grande importância,Grande importância,Grande importância,Muito boa,Boa,Muito boa,Boa,Regular,Boa,Estrutura e recursos,Foi escolha minha,Sim,Proximidade da sua casa,Alta,Neutro,Seguro,